n_objects,n_attributes,n_relations,obj_word_count,attr_word_count,rel_word_count,obj_aligned,attr_aligned,rel_aligned,truncated_tokens,n_tokens,split,prompt_id,prompt
3,3,2,9,3,2,14,5,2,0,21,asset_samples_64,0,A small cactus with a happy face in the Sahara desert.
11,13,3,27,13,5,41,20,5,0,62,asset_samples_64,1,"Pirate ship trapped in a cosmic maelstrom nebula, rendered in cosmic beach whirlpool engine, volumetric lighting, spectacular, ambient lights, light pollution, cinematic atmosphere, art nouveau style, illustration art artwork by SenseiJaye, intricate detail."
9,11,1,22,11,1,24,11,1,0,35,asset_samples_64,2,"beautiful lady, freckles, big smile, blue eyes, short ginger hair, dark makeup, wearing a floral blue vest top, soft light, dark grey background"
9,5,3,19,5,4,23,6,5,0,46,asset_samples_64,3,"stars, water, brilliantly, gorgeous large scale scene, a little girl, in the style of dreamy realism, light gold and amber, blue and pink, brilliantly illuminated in the background."
2,2,1,3,2,1,3,3,2,0,27,asset_samples_64,4,"nature vs human nature, surreal, UHD, 8k, hyper details, rich colors, photograph."
22,20,4,58,20,4,76,24,4,14,134,asset_samples_64,5,"Spectacular Tiny World in the Transparent Jar On the Table, interior of the Great Hall, Elaborate, Carved Architecture, Anatomy, Symetrical, Geometric and Parameteric Details, Precision Flat line Details, Pattern, Dark fantasy, Dark errie mood and ineffably mysterious mood, Technical design, Intricate Ultra Detail, Ornate Detail, Stylized and Futuristic and Biomorphic Details, Architectural Concept, Low contrast Details, Cinematic Lighting, 8k, by moebius, Fullshot, Epic, Fullshot, Octane render, Unreal ,Photorealistic, Hyperrealism"
17,11,1,34,11,1,52,22,1,44,164,asset_samples_64,6,"anthropomorphic profile of the white snow owl Crystal priestess , art deco painting, pretty and expressive eyes, ornate costume, mythical, ethereal, intricate, elaborate, hyperrealism, hyper detailed, 3D, 8K, Ultra Realistic, high octane, ultra resolution, amazing detail, perfection, In frame, photorealistic, cinematic lighting, visual clarity, shading , Lumen Reflections, Super-Resolution, gigapixel, color grading, retouch, enhanced, PBR, Blender, V-ray, Procreate, zBrush, Unreal Engine 5, cinematic, volumetric, dramatic, neon lighting, wide angle lens ,no digital painting blur"
29,21,13,70,21,13,73,27,13,62,182,asset_samples_64,7,"The parametric hotel lobby is a sleek and modern space with plenty of natural light. The lobby is spacious and open with a variety of seating options. The front desk is a sleek white counter with a parametric design. The walls are a light blue color with parametric patterns. The floor is a light wood color with a parametric design. There are plenty of plants and flowers throughout the space. The overall effect is a calm and relaxing space. occlusion, moody, sunset, concept art, octane rendering, 8k, highly detailed, concept art, highly detailed, beautiful scenery, cinematic, beautiful light, hyperreal, octane render, hdr, long exposure, 8K, realistic, fog, moody, fire and explosions, smoke, 50mm f2.8"
8,7,0,16,7,0,16,7,0,0,25,asset_samples_64,8,"Bright scene, aerial view, ancient city, fantasy, gorgeous light, mirror reflection, high detail, wide angle lens."
5,4,2,12,4,4,18,7,2,0,34,asset_samples_64,9,"8k uhd A man looks up at the starry sky, lonely and ethereal, Minimalism, Chaotic composition Op Art"
22,17,10,51,17,11,64,21,14,0,117,asset_samples_64,10,"A middle-aged woman of Asian descent, her dark hair streaked with silver, appears fractured and splintered, intricately embedded within a sea of broken porcelain. The porcelain glistens with splatter paint patterns in a harmonious blend of glossy and matte blues, greens, oranges, and reds, capturing her dance in a surreal juxtaposition of movement and stillness. Her skin tone, a light hue like the porcelain, adds an almost mystical quality to her form."
7,5,5,18,5,7,24,9,5,0,38,asset_samples_64,11,A 4k dslr image of a lemur wearing a red magician hat and a blue coat performing magic tricks with cards in a garden.
3,3,1,7,3,1,12,5,1,0,15,asset_samples_64,12,"A alpaca made of colorful building blocks, cyberpunk"
2,2,0,6,2,0,8,2,0,0,15,asset_samples_64,13,"A baby painter trying to draw very simple picture, white background"
3,0,1,5,0,2,6,0,2,0,11,asset_samples_64,14,A boy and a girl fall in love
1,0,0,2,0,0,3,0,0,0,14,asset_samples_64,15,A dog that has been meditating all the time
9,4,4,21,4,8,24,4,10,0,50,asset_samples_64,16,"A man is sitting in a chair with his chin resting on his hand. The chair, along with the man's feet, are submerged in the sea. Strikingly, the man's back is on fire."
4,3,1,9,3,1,11,4,1,0,21,asset_samples_64,17,"A painter study hard to learn how to draw with many concepts in the air, white background"
4,3,1,8,3,1,10,3,1,0,15,asset_samples_64,18,"A painter with low quality, white background, pixel art"
11,9,2,21,9,3,23,9,3,0,49,asset_samples_64,19,"A person standing on the desert, desert waves, gossip illustration, half red, half blue, abstract image of sand, clear style, trendy illustration, outdoor, top view, clear style, precision art, ultra high definition image"
6,6,5,21,6,7,29,7,8,0,47,asset_samples_64,20,"A silhouette of a grand piano overlooking a dusky cityscape viewed from a top-floor penthouse, rendered in the bold and vivid sytle of a vintage travel poster."
15,12,1,29,12,1,33,14,1,0,60,asset_samples_64,21,"A sureal parallel world where mankind avoid extinction by preserving nature, epic trees, water streams, various flowers, intricate details, rich colors, rich vegetation, cinematic, symmetrical, beautiful lighting, V-Ray render, sun rays, magical lights, photography"
3,2,2,8,2,4,10,2,3,0,16,asset_samples_64,22,A woman is shopping for fresh produce at the farmer's market.
5,0,1,7,0,1,8,0,1,0,20,asset_samples_64,23,A worker that looks like a mixture of cow and horse is working hard to type code
25,20,4,56,20,7,72,26,6,7,127,asset_samples_64,24,"A young man dressed in ancient Chinese clothing, Asian people, White robe, Handsome, Hand gestures forming a spell, Martial arts and fairy-like vibe, Carrying a legendary-level giant sword on the back, Game character, Surrounded by runes, Cyberpunk style, neon lights, best quality, masterpiece, cg, hdr, high-definition, extremely detailed, photorealistic, epic, character design, detailed face, superhero, hero, detailed UHD, real-time, vfx, 3D rendering, 8k"
3,1,1,7,1,1,11,1,1,0,20,asset_samples_64,25,An alien octopus floats through a protal reading a newspaper
4,3,3,11,3,4,16,5,6,0,31,asset_samples_64,26,"An epressive oil painting of a basketbal player dunking, depicted as an explosion of  a nebula"
10,6,1,22,6,1,35,12,1,0,53,asset_samples_64,27,"art collection style and fashion shoot, in the style of made of glass, dark blue and light pink, paul rand, solarpunk, camille vivier, beth didonato hair, barbiecore, hyper-realistic"
0,0,0,0,0,0,0,0,0,0,2,asset_samples_64,28,artistic
1,1,0,2,1,0,3,1,0,0,4,asset_samples_64,29,beautiful secen
2,0,1,3,0,1,7,0,1,0,10,asset_samples_64,30,Crocodile in a sweater
7,14,2,36,14,2,44,16,4,0,58,asset_samples_64,31,"Design a letter A, 3D stereoscopic Ice material Interior light blue Conceptual product design Futuristic Blind box toy Handcrafted Exquisite 3D effect Full body display Ultra-high precision Ultra-detailed Perfect lighting OC Renderer Blender 8k Ultra-sharp Ultra-noise reduction"
16,14,9,39,14,10,67,21,8,11,131,asset_samples_64,32,"Floating,colossal,futuristic statue in the sky, awe-inspiring and serenein the style of Stuart Lippincott:2with detailed composition and subtle geometric elements.This sanctuary-ike atmosphere features crisp clarity and soft amber tones.In contrasttiny human figures surround the statueThe pieceincorporates flowing draperiesreminiscent of Shwedoff and Philip McKay's stylesemphasizing thejuxtaposition between the powerful presence of the statue and thevulnerability of the minuscule human figuresshwedoff"
2,1,1,4,1,1,5,1,1,0,12,asset_samples_64,33,knolling of a drawing tools for painter
2,5,0,13,5,0,22,8,0,0,27,asset_samples_64,34,"Leonardo da Vinci's Last Supper content, Van Goph's Starry Night Style"
3,1,0,4,1,0,5,1,0,0,13,asset_samples_64,35,"Luffy from ONEPIECE, handsome face, fantasy"
14,7,6,25,7,8,33,9,8,0,59,asset_samples_64,36,"photography shot through an outdoor window of a coffee shop with neon sign lighting, window glares and reflections, depth of field, {little girl with red hair sitting at a table, portrait, kodak portra 800,105 mm f1.8"
11,10,3,26,10,4,36,11,4,0,56,asset_samples_64,37,"poster of a mechanical cat, techical Schematics viewed from front and side view on light white blueprint paper, illustartion drafting style, illustation, typography, conceptual art, dark fantasy steampunk, cinematic, dark fantasy"
12,4,2,19,4,3,24,6,3,0,85,asset_samples_64,38,"The girl in the car is filled with goldfish and flowers, goldfish can fly, Kawaguchi Renko's art, natural posture, holiday dadcore, youthful energy and pressure, body stretching, goldfish simulation movies in the sky, super details, and dreamy high photography. Colorful. Covered by water and goldfish, indoor scene, close-up shot in XT4 movie"
14,4,6,29,4,7,29,4,6,0,72,asset_samples_64,39,"The image features a woman wearing a red shirt with an icon. She appears to be posing for the camera, and her outfit includes a pair of jeans. The woman seems to be in a good mood, as she is smiling. The background of the image is blurry, focusing more on the woman and her attire."
3,1,2,6,1,3,6,1,3,0,11,asset_samples_64,40,The towel was on top of the hard counter.
13,9,4,26,9,7,33,13,8,0,67,asset_samples_64,41,"A vast landscape made entirely of various meats spreads out before the viewer. tender, succulent hills of roast beef, chicken drumstick trees, bacon rivers, and ham boulders create a surreal, yet appetizing scene. the sky is adorned with pepperoni sun and salami clouds."
3,1,0,4,1,0,4,1,0,0,17,asset_samples_64,42,"I want to supplement vitamin c, please help me paint related food."
13,11,8,35,11,12,37,12,17,0,72,asset_samples_64,43,"A vibrant yellow banana-shaped couch sits in a cozy living room, its curve cradling a pile of colorful cushions. on the wooden floor, a patterned rug adds a touch of eclectic charm, and a potted plant sits in the corner, reaching towards the sunlight filtering through the window."
7,1,4,13,1,5,14,1,5,0,28,asset_samples_64,44,A transparent sculpture of a duck made out of glass. The sculpture is in front of a painting of a landscape.
3,3,2,8,3,3,12,3,3,0,18,asset_samples_64,45,A blue jay standing on a large basket of rainbow macarons.
8,4,4,17,4,7,22,5,7,0,37,asset_samples_64,46,A bucket bag made of blue suede. The bag is decorated with intricate golden paisley patterns. The handle of the bag is made of rubies and pearls.
2,1,0,5,1,0,8,1,0,0,20,asset_samples_64,47,An alien octopus floats through a portal reading a newspaper.
2,2,1,6,2,1,7,2,1,0,11,asset_samples_64,48,bird's eye view of a city.
1,1,0,2,1,0,2,1,0,0,3,asset_samples_64,49,beautiful scene
7,10,4,23,10,6,28,14,8,0,50,asset_samples_64,50,"A 2D animation of a folk music band composed of anthropomorphic autumn leaves, each playing traditional bluegrass instruments, amidst a rustic forest setting dappled with the soft light of a harvest moon."
16,13,7,41,13,9,55,17,10,0,108,asset_samples_64,51,"In front of a deep black backdrop, a figure of middle years, her Tongan skin rich and glowing, is captured mid-twirl, her curly hair flowing like a storm behind her. Her attire resembles a whirlwind of marble and porcelain fragments. Illuminated by the gleam of scattered porcelain shards, creating a dreamlike atmosphere, the dancer manages to appear fragmented, yet maintains a harmonious and fluid form."
13,10,5,31,10,8,35,11,11,0,75,asset_samples_64,52,"Digital illustration of a beach scene crafted from yarn. The sandy beach is depicted with beige yarn, waves are made of blue and white yarn crashing onto the shore. A yarn sun sets on the horizon, casting a warm glow. Yarn palm trees sway gently, and little yarn seashells dot the shoreline."
6,7,4,17,7,4,19,7,4,0,34,asset_samples_64,53,"Illustration of a chic chair with a design reminiscent of a pumpkin’s form, with deep orange cushioning, in a stylish loft setting."
16,13,6,40,13,8,47,18,8,0,97,asset_samples_64,54,"A detailed oil painting of an old sea captain, steering his ship through a storm. Saltwater is splashing against his weathered face, determination in his eyes. Twirling malevolent clouds are seen above and stern waves threaten to submerge the ship while seagulls dive and twirl through the chaotic landscape. Thunder and lights embark in the distance, illuminating the scene with an eerie green glow."
13,5,6,27,5,9,29,6,10,0,74,asset_samples_64,55,"An illustration of a human heart made of translucent glass, standing on a pedestal amidst a stormy sea. Rays of sunlight pierce the clouds, illuminating the heart, revealing a tiny universe within. The quote 'Find the universe within you' is etched in bold letters across the horizon."
5,5,4,13,5,6,14,5,6,0,25,asset_samples_64,56,"A modern architectural building with large glass windows, situated on a cliff overlooking a serene ocean at sunset"
11,8,3,24,8,4,32,9,5,0,56,asset_samples_64,57,"photo of an ancient shipwreck nestled on the ocean floor. Marine plants have claimed the wooden structure, and fish swim in and out of its hollow spaces. Sunken treasures and old cannons are scattered around, providing a glimpse into the past"
19,13,10,46,13,17,56,17,15,0,108,asset_samples_64,58,"A 3D render of a coffee mug placed on a window sill during a stormy day. The storm outside the window is reflected in the coffee, with miniature lightning bolts and turbulent waves seen inside the mug. The room is dimly lit, adding to the dramatic atmosphere.A minimap diorama of a cafe adorned with indoor plants. Wooden beams crisscross above, and a cold brew station stands out with tiny bottles and glasses."
18,16,7,45,16,9,65,26,11,0,112,asset_samples_64,59,"An antique botanical illustration drawn with fine lines and a touch of watercolour whimsy, depicting a strange lily crossed with a Venus flytrap, its petals poised as if ready to snap shut on any unsuspecting insects.An illustration inspired by old-world botanical sketches blends a cactus with lilac blooms into a Möbius strip, using detailed lines and subtle watercolor touches to capture nature's diverse beauty and mathematical intrigue."
13,13,10,34,13,14,47,18,12,0,75,asset_samples_64,60,"An ink sketch style illustration of a small hedgehog holding a piece of watermelon with its tiny paws, taking little bites with its eyes closed in delight.Photo of a lychee-inspired spherical chair, with a bumpy white exterior and plush interior, set against a tropical wallpaper."
5,7,1,17,7,1,22,10,1,0,35,asset_samples_64,61,"3d digital art of an adorable ghost, glowing within, holding a heart shaped pumpkin, Halloween, super cute, spooky haunted house background"
5,6,3,12,6,4,14,8,4,0,23,asset_samples_64,62,professional portrait photo of an anthropomorphic cat wearing fancy gentleman hat and jacket walking in autumn forest.
4,1,1,7,1,2,8,1,2,0,18,asset_samples_64,63,"an astronaut sitting in a diner, eating fries, cinematic, analog film"
2,2,0,6,2,0,7,2,0,0,10,compbench_color,0,a green bench and a blue bowl
2,2,0,6,2,0,7,2,0,0,10,compbench_color,1,a blue bench and a green bowl
2,2,0,6,2,0,7,2,0,0,10,compbench_color,2,a green bench and a blue cake
2,2,0,6,2,0,7,2,0,0,10,compbench_color,3,a blue bench and a green cake
2,2,0,6,2,0,7,2,0,0,10,compbench_color,4,a brown horse and a blue vase
2,2,0,6,2,0,7,2,0,0,10,compbench_color,5,a blue horse and a brown vase
2,2,0,6,2,0,7,2,0,0,10,compbench_color,6,a blue backpack and a brown cow
2,2,0,6,2,0,7,2,0,0,10,compbench_color,7,a brown backpack and a blue cow
2,2,0,6,2,0,7,2,0,0,10,compbench_color,8,a blue backpack and a red book
2,2,0,6,2,0,7,2,0,0,10,compbench_color,9,a red backpack and a blue book
2,2,0,6,2,0,7,2,0,0,10,compbench_color,10,a brown bear and a red book
2,2,0,6,2,0,7,2,0,0,10,compbench_color,11,a red bear and a brown book
2,2,0,6,2,0,7,2,0,0,10,compbench_color,12,a red orange and a brown sheep
2,2,0,6,2,0,7,2,0,0,10,compbench_color,13,a brown orange and a red sheep
2,2,0,6,2,0,7,2,0,0,10,compbench_color,14,a green banana and a brown dog
2,2,0,6,2,0,7,2,0,0,10,compbench_color,15,a brown banana and a green dog
2,2,0,6,2,0,7,2,0,0,10,compbench_color,16,a green banana and a brown horse
2,2,0,6,2,0,7,2,0,0,10,compbench_color,17,a brown banana and a green horse
2,2,0,6,2,0,7,2,0,0,10,compbench_color,18,a blue cake and a red suitcase
2,2,0,6,2,0,7,2,0,0,10,compbench_color,19,a red cake and a blue suitcase
2,2,0,6,2,0,7,2,0,0,10,compbench_color,20,a brown elephant and a red suitcase
2,2,0,6,2,0,7,2,0,0,10,compbench_color,21,a red elephant and a brown suitcase
2,2,0,6,2,0,7,2,0,0,10,compbench_color,22,a green apple and a brown horse
2,2,0,6,2,0,7,2,0,0,10,compbench_color,23,a brown apple and a green horse
2,2,0,6,2,0,7,2,0,0,10,compbench_color,24,a green banana and a blue vase
2,2,0,6,2,0,7,2,0,0,10,compbench_color,25,a blue banana and a green vase
2,2,0,6,2,0,7,2,0,0,10,compbench_color,26,a blue backpack and a brown bear
2,2,0,6,2,0,7,2,0,0,10,compbench_color,27,a brown backpack and a blue bear
2,2,0,6,2,0,7,2,0,0,10,compbench_color,28,a green apple and a blue vase
2,2,0,6,2,0,7,2,0,0,10,compbench_color,29,a blue apple and a green vase
2,2,0,6,2,0,7,2,0,0,10,compbench_color,30,a green banana and a red suitcase
2,2,0,6,2,0,7,2,0,0,10,compbench_color,31,a red banana and a green suitcase
2,2,0,6,2,0,7,2,0,0,10,compbench_color,32,a blue bowl and a brown elephant
2,2,0,6,2,0,7,2,0,0,10,compbench_color,33,a brown bowl and a blue elephant
2,2,0,6,2,0,7,2,0,0,10,compbench_color,34,a blue backpack and a red orange
2,2,0,6,2,0,7,2,0,0,10,compbench_color,35,a red backpack and a blue orange
2,2,0,6,2,0,7,2,0,0,10,compbench_color,36,a blue backpack and a red chair
2,2,0,6,2,0,7,2,0,0,10,compbench_color,37,a red backpack and a blue chair
2,2,0,6,2,0,7,2,0,0,10,compbench_color,38,a blue cup and a brown horse
2,2,0,6,2,0,7,2,0,0,10,compbench_color,39,a brown cup and a blue horse
2,2,0,6,2,0,7,2,0,0,10,compbench_color,40,a brown sheep and a blue vase
2,2,0,6,2,0,7,2,0,0,10,compbench_color,41,a blue sheep and a brown vase
2,2,0,6,2,0,7,2,0,0,10,compbench_color,42,a brown cat and a gold clock
2,2,0,6,2,0,7,2,0,0,10,compbench_color,43,a gold cat and a brown clock
2,2,0,6,2,0,7,2,0,0,10,compbench_color,44,a blue backpack and a green banana
2,2,0,6,2,0,7,2,0,0,10,compbench_color,45,a green backpack and a blue banana
2,2,0,6,2,0,7,2,0,0,10,compbench_color,46,a brown horse and a red orange
2,2,0,6,2,0,7,2,0,0,10,compbench_color,47,a red horse and a brown orange
2,2,0,6,2,0,7,2,0,0,10,compbench_color,48,a red chair and a brown elephant
2,2,0,6,2,0,7,2,0,0,10,compbench_color,49,a brown chair and a red elephant
2,2,0,6,2,0,7,2,0,0,10,compbench_color,50,a green apple and a blue backpack
2,2,0,6,2,0,7,2,0,0,10,compbench_color,51,a blue apple and a green backpack
2,2,0,6,2,0,7,2,0,0,10,compbench_color,52,a blue backpack and a gold clock
2,2,0,6,2,0,7,2,0,0,10,compbench_color,53,a gold backpack and a blue clock
2,2,0,6,2,0,7,2,0,0,10,compbench_color,54,a brown dog and a red orange
2,2,0,6,2,0,7,2,0,0,10,compbench_color,55,a red dog and a brown orange
2,2,0,6,2,0,7,2,0,0,10,compbench_color,56,a blue backpack and a brown sheep
2,2,0,6,2,0,7,2,0,0,10,compbench_color,57,a brown backpack and a blue sheep
2,2,0,6,2,0,9,2,0,0,13,compbench_color,58,a blue backpack and a brown giraffe
2,2,0,6,2,0,9,2,0,0,13,compbench_color,59,a brown backpack and a blue giraffe
2,2,0,6,2,0,7,2,0,0,10,compbench_color,60,a red book and a blue cake
2,2,0,6,2,0,7,2,0,0,10,compbench_color,61,a blue book and a red cake
2,2,0,6,2,0,7,2,0,0,10,compbench_color,62,a red suitcase and a blue vase
2,2,0,6,2,0,7,2,0,0,10,compbench_color,63,a blue suitcase and a red vase
2,2,0,6,2,0,7,2,0,0,10,compbench_color,64,a blue cup and a brown sheep
2,2,0,6,2,0,7,2,0,0,10,compbench_color,65,a brown cup and a blue sheep
2,2,0,6,2,0,7,2,0,0,10,compbench_color,66,a brown bear and a red train
2,2,0,6,2,0,7,2,0,0,10,compbench_color,67,a blue cup and a red orange
2,2,0,6,2,0,7,2,0,0,10,compbench_color,68,a red cup and a blue orange
2,2,0,6,2,0,7,2,0,0,10,compbench_color,69,a green apple and a red suitcase
2,2,0,6,2,0,7,2,0,0,10,compbench_color,70,a red apple and a green suitcase
2,2,0,6,2,0,7,2,0,0,10,compbench_color,71,a blue bowl and a red train
2,2,0,6,2,0,7,2,0,0,10,compbench_color,72,a red bowl and a blue train
2,2,0,6,2,0,7,2,0,0,10,compbench_color,73,a green bench and a red orange
2,2,0,6,2,0,7,2,0,0,10,compbench_color,74,a red bench and a green orange
2,2,0,6,2,0,7,2,0,0,10,compbench_color,75,a brown cat and a red orange
2,2,0,6,2,0,7,2,0,0,10,compbench_color,76,a red cat and a brown orange
2,2,0,6,2,0,7,2,0,0,10,compbench_color,77,a green apple and a red train
2,2,0,6,2,0,7,2,0,0,10,compbench_color,78,a red apple and a green train
2,2,0,6,2,0,9,2,0,0,13,compbench_color,79,a brown giraffe and a red train
2,2,0,6,2,0,9,2,0,0,13,compbench_color,80,a red giraffe and a brown train
2,2,0,6,2,0,7,2,0,0,10,compbench_color,81,a blue boat and a red suitcase
2,2,0,6,2,0,7,2,0,0,10,compbench_color,82,a red boat and a blue suitcase
2,2,0,6,2,0,7,2,0,0,10,compbench_color,83,a blue bowl and a brown horse
2,2,0,6,2,0,7,2,0,0,10,compbench_color,84,a brown bowl and a blue horse
2,2,0,6,2,0,7,2,0,0,10,compbench_color,85,a blue backpack and a red train
2,2,0,6,2,0,7,2,0,0,10,compbench_color,86,a red backpack and a blue train
2,2,0,6,2,0,7,2,0,0,10,compbench_color,87,a gold clock and a red orange
2,2,0,6,2,0,7,2,0,0,10,compbench_color,88,a red clock and a gold orange
2,2,0,6,2,0,7,2,0,0,10,compbench_color,89,a brown bear and a blue vase
2,2,0,6,2,0,7,2,0,0,10,compbench_color,90,a blue bear and a brown vase
2,2,0,6,2,0,7,2,0,0,10,compbench_color,91,a green apple and a brown elephant
2,2,0,6,2,0,7,2,0,0,10,compbench_color,92,a brown apple and a green elephant
2,2,0,6,2,0,7,2,0,0,10,compbench_color,93,a green banana and a brown bear
2,2,0,6,2,0,7,2,0,0,10,compbench_color,94,a brown banana and a green bear
2,2,0,6,2,0,7,2,0,0,10,compbench_color,95,a blue boat and a brown cat
2,2,0,6,2,0,7,2,0,0,10,compbench_color,96,a brown boat and a blue cat
2,2,0,6,2,0,7,2,0,0,10,compbench_color,97,a green banana and a blue boat
2,2,0,6,2,0,7,2,0,0,10,compbench_color,98,a blue banana and a green boat
2,2,0,6,2,0,7,2,0,0,10,compbench_color,99,a red car and a blue cup
2,2,0,6,2,0,7,2,0,0,10,compbench_color,100,a blue car and a red cup
2,2,0,6,2,0,7,2,0,0,10,compbench_color,101,a blue backpack and a red car
2,2,0,6,2,0,7,2,0,0,10,compbench_color,102,a red backpack and a blue car
2,2,0,6,2,0,7,2,0,0,10,compbench_color,103,a brown cow and a blue cup
2,2,0,6,2,0,7,2,0,0,10,compbench_color,104,a blue cow and a brown cup
2,2,0,6,2,0,7,2,0,0,10,compbench_color,105,a red train and a blue vase
2,2,0,6,2,0,7,2,0,0,10,compbench_color,106,a blue train and a red vase
2,2,0,6,2,0,9,2,0,0,13,compbench_color,107,a brown giraffe and a red orange
2,2,0,6,2,0,9,2,0,0,13,compbench_color,108,a red giraffe and a brown orange
2,2,0,6,2,0,7,2,0,0,10,compbench_color,109,a green banana and a brown cow
2,2,0,6,2,0,7,2,0,0,10,compbench_color,110,a brown banana and a green cow
2,2,0,6,2,0,9,2,0,0,13,compbench_color,111,a brown giraffe and a blue vase
2,2,0,6,2,0,9,2,0,0,13,compbench_color,112,a blue giraffe and a brown vase
2,2,0,6,2,0,7,2,0,0,10,compbench_color,113,a brown cow and a red suitcase
2,2,0,6,2,0,7,2,0,0,10,compbench_color,114,a red cow and a brown suitcase
2,2,0,6,2,0,7,2,0,0,10,compbench_color,115,a green apple and a blue cup
2,2,0,6,2,0,7,2,0,0,10,compbench_color,116,a blue apple and a green cup
2,2,0,6,2,0,7,2,0,0,10,compbench_color,117,a red book and a brown sheep
2,2,0,6,2,0,7,2,0,0,10,compbench_color,118,a brown book and a red sheep
2,2,0,6,2,0,9,2,0,0,13,compbench_color,119,a green banana and a brown giraffe
2,2,0,6,2,0,9,2,0,0,13,compbench_color,120,a brown banana and a green giraffe
2,2,0,6,2,0,7,2,0,0,10,compbench_color,121,a blue boat and a red book
2,2,0,6,2,0,7,2,0,0,10,compbench_color,122,a red boat and a blue book
2,2,0,6,2,0,7,2,0,0,10,compbench_color,123,a blue cup and a brown elephant
2,2,0,6,2,0,7,2,0,0,10,compbench_color,124,a brown cup and a blue elephant
2,2,0,6,2,0,7,2,0,0,10,compbench_color,125,a red chair and a brown sheep
2,2,0,6,2,0,7,2,0,0,10,compbench_color,126,a brown chair and a red sheep
2,2,0,6,2,0,7,2,0,0,10,compbench_color,127,a brown bear and a blue boat
2,2,0,6,2,0,7,2,0,0,10,compbench_color,128,a blue bear and a brown boat
2,2,0,6,2,0,7,2,0,0,10,compbench_color,129,a red car and a white sheep
2,2,0,6,2,0,7,2,0,0,10,compbench_color,130,a blue bird and a brown bear
2,2,0,6,2,0,7,2,0,0,10,compbench_color,131,a green apple and a black backpack
2,2,0,7,2,0,8,2,0,0,11,compbench_color,132,a green cup and a blue cell phone
2,2,0,6,2,0,7,2,0,0,10,compbench_color,133,a yellow book and a red vase
2,2,0,6,2,0,7,2,0,0,10,compbench_color,134,a white car and a red sheep
2,2,0,6,2,0,7,2,0,0,10,compbench_color,135,a brown bird and a blue bear
2,2,0,6,2,0,7,2,0,0,10,compbench_color,136,a black apple and a green backpack
2,2,0,7,2,0,8,2,0,0,11,compbench_color,137,a blue cup and a green cell phone
2,2,0,6,2,0,7,2,0,0,10,compbench_color,138,a red book and a yellow vase
1,0,0,6,0,0,8,0,0,0,9,compbench_color,139,a red apple and yellow bananas
1,0,0,6,0,0,8,0,0,0,9,compbench_color,140,a yellow apple and red bananas
2,2,0,6,2,0,7,2,0,0,11,compbench_color,141,a black hat and a red scarf
2,2,0,6,2,0,7,2,0,0,11,compbench_color,142,a red hat and a black scarf
2,2,0,6,2,0,7,2,0,0,10,compbench_color,143,a silver spoon and a blue plate
2,2,0,6,2,0,7,2,0,0,10,compbench_color,144,a yellow bus and a green tree
2,2,0,6,2,0,7,2,0,0,10,compbench_color,145,a green bus and a yellow tree
2,2,0,6,2,0,7,2,0,0,10,compbench_color,146,a red apple and a purple grape
2,2,0,6,2,0,7,2,0,0,10,compbench_color,147,a purple apple and a red grape
2,2,0,6,2,0,8,2,0,0,11,compbench_color,148,a white dove and a black feather
2,2,0,6,2,0,8,2,0,0,11,compbench_color,149,a black dove and a white feather
2,2,0,6,2,0,8,2,0,0,12,compbench_color,150,a brown acorn and a green leaf
1,1,0,3,1,0,3,1,0,0,12,compbench_color,151,a green acorn and a brown leaf
2,3,0,7,3,0,8,3,0,0,11,compbench_color,152,a red stop sign and a white line
2,3,0,6,3,0,7,3,0,0,9,compbench_color,153,a stop sign and red white line
2,2,0,6,2,0,7,2,0,0,10,compbench_color,154,a black cat and a brown mouse
2,2,0,6,2,0,7,2,0,0,10,compbench_color,155,a brown cat and a black mouse
2,2,0,6,2,0,8,2,0,0,11,compbench_color,156,a blue pen and a yellow highlighter
2,2,0,6,2,0,8,2,0,0,11,compbench_color,157,a yellow pen and a blue highlighter
2,2,0,6,2,0,7,2,0,0,10,compbench_color,158,a black moon and a white sky
2,2,0,6,2,0,7,2,0,0,10,compbench_color,159,a yellow pencil and a blue notebook
2,2,0,6,2,0,7,2,0,0,10,compbench_color,160,a green leaf and a yellow flower
2,2,0,6,2,0,7,2,0,0,10,compbench_color,161,a yellow leaf and a green flower
2,2,0,6,2,0,7,2,0,0,11,compbench_color,162,a black cat and a white paw
2,2,0,6,2,0,7,2,0,0,11,compbench_color,163,a white cat and a black paw
2,2,0,6,2,0,7,2,0,0,11,compbench_color,164,a yellow duck and a blue pond
2,2,0,6,2,0,8,2,0,0,13,compbench_color,165,a green frog and a brown pond
2,2,0,6,2,0,8,2,0,0,13,compbench_color,166,a brown frog and a green pond
2,2,0,6,2,0,7,2,0,0,10,compbench_color,167,a yellow sun and a red sunset
2,2,0,6,2,0,7,2,0,0,10,compbench_color,168,a red sun and a yellow sunset
2,2,0,6,2,0,8,2,0,0,11,compbench_color,169,a blue pen and a black ink
2,2,0,6,2,0,8,2,0,0,11,compbench_color,170,a black pen and a blue ink
2,2,0,6,2,0,10,2,0,0,14,compbench_color,171,a green grass and a yellow dandelion
2,2,0,6,2,0,10,2,0,0,14,compbench_color,172,a yellow grass and a green dandelion
2,2,0,6,2,0,7,2,0,0,10,compbench_color,173,a black cat and a gray mouse
2,2,0,6,2,0,7,2,0,0,10,compbench_color,174,a gray cat and a black mouse
2,2,0,6,2,0,8,2,0,0,11,compbench_color,175,a red apple and a yellow pear
2,2,0,6,2,0,8,2,0,0,11,compbench_color,176,a yellow apple and a red pear
1,1,0,3,1,0,4,1,0,0,12,compbench_color,177,a white snow and a blue sled
1,1,0,3,1,0,4,1,0,0,12,compbench_color,178,a blue snow and a white sled
2,2,0,6,2,0,8,2,0,0,12,compbench_color,179,a green frog and a yellow fly
2,2,0,6,2,0,8,2,0,0,12,compbench_color,180,a yellow frog and a green fly
2,2,0,6,2,0,8,2,0,0,11,compbench_color,181,a yellow pencil and a red eraser
2,2,0,6,2,0,8,2,0,0,11,compbench_color,182,a red pencil and a yellow eraser
2,2,0,6,2,0,8,2,0,0,11,compbench_color,183,a black cat and a white whisker
2,2,0,6,2,0,8,2,0,0,11,compbench_color,184,a white cat and a black whisker
2,2,0,6,2,0,7,2,0,0,10,compbench_color,185,a brown tree and a green grass
2,2,0,6,2,0,7,2,0,0,10,compbench_color,186,a green tree and a brown grass
1,1,0,3,1,0,5,1,0,0,12,compbench_color,187,a red rose and a white carnation
1,1,0,3,1,0,5,1,0,0,12,compbench_color,188,a white rose and a red carnation
2,2,0,6,2,0,7,2,0,0,10,compbench_color,189,a white cloud and a black sky
2,2,0,6,2,0,7,2,0,0,10,compbench_color,190,a black cloud and a white sky
2,2,0,6,2,0,7,2,0,0,10,compbench_color,191,a green leaf and a yellow butterfly
2,2,0,6,2,0,7,2,0,0,10,compbench_color,192,a yellow leaf and a green butterfly
2,2,0,6,2,0,7,2,0,0,10,compbench_color,193,a red tomato and a yellow pepper
2,2,0,6,2,0,7,2,0,0,10,compbench_color,194,a yellow tomato and a red pepper
2,2,0,6,2,0,9,2,0,0,13,compbench_color,195,a red apple and a green kiwi
2,2,0,6,2,0,9,2,0,0,13,compbench_color,196,a green apple and a red kiwi
2,2,0,6,2,0,7,2,0,0,10,compbench_color,197,a white piano and a black bench
2,2,0,6,2,0,7,2,0,0,10,compbench_color,198,a black piano and a white bench
2,2,0,6,2,0,7,2,0,0,11,compbench_color,199,a brown jacket and a black hat
2,2,0,6,2,0,7,2,0,0,10,compbench_color,200,a red bear and a brown train
2,2,0,6,2,0,8,2,0,0,12,compbench_color,201,a red cylinder and a blue cube
2,2,0,6,2,0,8,2,0,0,12,compbench_color,202,a blue cylinder and a red cube
2,2,0,6,2,0,7,2,0,0,10,compbench_color,203,a blue spoon and a silver plate
2,2,0,6,2,0,8,2,0,0,11,compbench_color,204,a blue bird and a yellow canary
2,1,0,5,1,0,8,1,0,0,11,compbench_color,205,a canary and a yellow bluebird
2,2,0,6,2,0,7,2,0,0,10,compbench_color,206,a yellow taxi and a black tire
2,2,0,6,2,0,7,2,0,0,10,compbench_color,207,a black taxi and a yellow tire
2,2,0,6,2,0,7,2,0,0,10,compbench_color,208,a green snake and a brown log
2,2,0,6,2,0,7,2,0,0,10,compbench_color,209,a brown snake and a green log
2,2,0,6,2,0,7,2,0,0,10,compbench_color,210,a white moon and a black sky
2,2,0,6,2,0,7,2,0,0,10,compbench_color,211,a blue pencil and a yellow notebook
2,2,0,6,2,0,7,2,0,0,11,compbench_color,212,a blue duck and a yellow pond
2,2,0,6,2,0,9,2,0,0,12,compbench_color,213,a blue jay and a green parrot
2,2,0,6,2,0,9,2,0,0,12,compbench_color,214,a green jay and a blue parrot
2,2,0,6,2,0,7,2,0,0,11,compbench_color,215,a brown squirrel and a black nut
2,2,0,6,2,0,7,2,0,0,11,compbench_color,216,a black squirrel and a brown nut
2,2,0,6,2,0,8,2,0,0,12,compbench_color,217,a white swan and a black lake
2,2,0,6,2,0,8,2,0,0,12,compbench_color,218,a black swan and a white lake
2,2,0,6,2,0,8,2,0,0,12,compbench_color,219,a brown log and a green moss
2,2,0,6,2,0,8,2,0,0,12,compbench_color,220,a green log and a brown moss
2,2,0,6,2,0,7,2,0,0,10,compbench_color,221,a brown guitar and a black amplifier
2,2,0,6,2,0,7,2,0,0,10,compbench_color,222,a black guitar and a brown amplifier
2,2,0,6,2,0,7,2,0,0,10,compbench_color,223,a white envelope and a blue stamp
2,2,0,6,2,0,7,2,0,0,10,compbench_color,224,a blue envelope and a white stamp
2,2,0,6,2,0,7,2,0,0,10,compbench_color,225,a blue bicycle and a red helmet
2,2,0,6,2,0,7,2,0,0,10,compbench_color,226,a red bicycle and a blue helmet
2,2,0,6,2,0,7,2,0,0,10,compbench_color,227,a yellow taxi and a red tire
2,2,0,6,2,0,7,2,0,0,10,compbench_color,228,a red taxi and a yellow tire
2,2,0,6,2,0,7,2,0,0,11,compbench_color,229,a black jacket and a brown hat
1,1,0,3,1,0,5,1,0,0,13,compbench_color,230,a blue rose and a green tulip
1,1,0,3,1,0,5,1,0,0,13,compbench_color,231,a green rose and a blue tulip
2,2,0,7,2,0,8,2,0,0,11,compbench_color,232,a red school bus and a green bag
2,2,0,7,2,0,8,2,0,0,11,compbench_color,233,a green school bus and a red bag
2,2,0,6,2,0,7,2,0,0,11,compbench_color,234,a yellow rabbit and a red rat
2,2,0,6,2,0,7,2,0,0,11,compbench_color,235,a red rabbit and a yellow rat
2,2,0,6,2,0,7,2,0,0,10,compbench_color,236,a red lipstick and a pink blush
2,2,0,6,2,0,7,2,0,0,10,compbench_color,237,a pink lipstick and a red blush
2,3,0,7,3,0,8,3,0,0,11,compbench_color,238,a blue bag and a green water bottle
2,3,0,7,3,0,8,3,0,0,11,compbench_color,239,a green bag and a blue water bottle
3,2,1,7,2,1,9,3,1,0,14,compbench_color,240,A bathroom with white tile and a beige toilet.
3,2,1,7,2,1,9,3,1,0,14,compbench_color,241,A bathroom with beige tile and a white toilet.
3,2,1,8,2,1,9,2,1,0,15,compbench_color,242,A green bathroom with a mirror and a pink sink.
3,2,1,8,2,1,9,2,1,0,15,compbench_color,243,A pink bathroom with a mirror and a green sink.
3,2,1,7,2,2,8,2,2,0,13,compbench_color,244,a black gold and white vase sitting on a counter
2,2,1,8,2,2,9,2,2,0,13,compbench_color,245,a black white and gold vase sitting on a counter
2,4,1,7,4,1,8,4,1,0,11,compbench_color,246,A small white kitchen with brown wood floor.
2,3,1,7,3,1,8,3,1,0,11,compbench_color,247,A small brown kitchen with white wood floor.
5,7,1,15,7,1,15,9,1,0,26,compbench_color,248,"Kitchen scene, grey counter top on one side, whitish on the other and black sink with long neck faucet."
5,7,1,15,7,1,15,7,1,0,26,compbench_color,249,"Kitchen scene, black counter top on one side, whitish on the other and grey sink with long neck faucet."
1,2,0,3,2,0,3,2,0,0,13,compbench_color,250,"Two toilet stall, one blue and the other orange."
3,4,0,8,4,0,8,4,0,0,13,compbench_color,251,"Two toilet stall, one orange and the other blue."
2,4,1,10,4,1,11,4,1,0,15,compbench_color,252,"A long, narrow yellow kitchen with black and white floor tiles."
2,4,1,10,4,1,11,4,1,0,15,compbench_color,253,"A long, narrow black kitchen with yellow and white floor tiles."
6,8,2,19,8,4,19,8,3,0,39,compbench_color,254,Two hot dogs sit on a white paper plate near a soda cup which are sitting on a green picnic table while a bike and a silver car are parked nearby.
6,8,2,19,8,4,19,8,3,0,39,compbench_color,255,Two hot dogs sit on a green paper plate near a soda cup which are sitting on a white picnic table while a bike and a silver car are parked nearby.
6,4,2,16,4,2,19,4,2,0,34,compbench_color,256,A restroom features black and white checkered flooring and two toilets of which has a black seat and lid and the other a white seat and lid.
7,6,2,19,6,2,22,7,2,0,34,compbench_color,257,A restroom features white and white checkered flooring and two toilets of which has a black seat and lid and the other a black seat and lid.
2,1,1,7,1,1,9,1,1,0,13,compbench_color,258,Bathroom scene with white background and tan accents.
3,3,1,6,3,1,8,4,1,0,13,compbench_color,259,Bathroom scene with tan background and white accents.
6,5,4,13,5,7,16,5,7,0,26,compbench_color,260,A stainless steel oven sits between white cupboards with black counter tops while sun shines through the kitchen windows.
6,4,5,13,4,10,16,4,7,0,26,compbench_color,261,A stainless steel oven sits between black cupboards with white counter tops while sun shines through the kitchen windows.
3,3,1,8,3,1,10,4,1,0,14,compbench_color,262,A kitchen with white tile floor and blue sloped ceiling.
3,4,1,8,4,1,10,5,1,0,14,compbench_color,263,A kitchen with blue tile floor and white sloped ceiling.
3,2,1,8,2,1,9,2,1,0,14,compbench_color,264,A bathroom with green tile and a red shower curtain.
3,2,1,8,2,1,9,2,1,0,14,compbench_color,265,A bathroom with red tile and a green shower curtain.
2,3,1,8,3,2,10,4,3,0,19,compbench_color,266,"A white bath tub sits empty in a tan, clean bathroom."
2,3,1,8,3,2,10,3,3,0,19,compbench_color,267,"A tan bath tub sits empty in a white, clean bathroom."
4,4,1,11,4,1,11,4,1,0,18,compbench_color,268,"two white sheep, a black goat and a white goat in a field"
4,4,1,11,4,1,11,4,1,0,18,compbench_color,269,"two black sheep, a white goat and a white goat in a field"
2,2,1,8,2,2,9,2,3,0,15,compbench_color,270,A black and white cat sits in a white sink.
2,2,1,8,2,2,9,2,3,0,15,compbench_color,271,A black and white cat sits in a black sink.
5,2,3,11,2,4,12,2,3,0,20,compbench_color,272,A woman in a white shirt and jeans holds a pink umbrella in the rain.
5,2,3,11,2,3,12,2,3,0,20,compbench_color,273,A woman in a pink shirt and jeans holds a white umbrella in the rain.
3,4,1,10,4,1,11,4,1,0,18,compbench_color,274,A small bathroom with a small brown toilet next to a white sink.
3,4,1,10,4,1,11,4,1,0,18,compbench_color,275,A small bathroom with a small white toilet next to a brown sink.
4,3,2,14,3,2,15,3,2,0,22,compbench_color,276,A black and green tile bathroom with a black toilet and a yellow bucket on the floor.
4,3,2,14,3,2,15,3,2,0,22,compbench_color,277,A black and green tile bathroom with a yellow toilet and a black bucket on the floor.
3,2,2,7,2,2,8,2,2,0,13,compbench_color,278,A red carpet in a bathroom with white fixtures.
3,2,2,7,2,2,8,2,2,0,13,compbench_color,279,A white carpet in a bathroom with red fixtures.
3,2,2,7,2,3,9,2,2,0,14,compbench_color,280,Many stoplights flash yellow on a snow covered street.
3,3,2,7,3,3,9,3,2,0,14,compbench_color,281,Many stoplights flash snow on a yellow covered street.
4,3,3,10,3,4,11,3,4,0,21,compbench_color,282,A blue scooter is parked near a curb in front of a green vintage car.
4,3,3,10,3,4,11,3,4,0,21,compbench_color,283,A green scooter is parked near a curb in front of a blue vintage car.
4,5,2,14,5,2,15,5,1,0,22,compbench_color,284,"A dining area features a wood table and chairs, a silver refrigerator and light brown cabinets."
5,5,2,13,5,2,14,5,1,0,22,compbench_color,285,"A dining area features a wood table and chairs, a brown refrigerator and light silver cabinets."
5,5,3,10,5,3,11,5,3,0,20,compbench_color,286,"Bathroom scene, white commode and matching white sink on light brown tone tiled floor."
4,4,2,12,4,2,13,4,3,0,20,compbench_color,287,"Bathroom scene, white commode and matching brown sink on light white tone tiled floor."
3,4,2,10,4,2,11,4,2,0,17,compbench_color,288,A traffic light with a smile green light above a red sign.
3,3,2,10,3,2,11,3,2,0,17,compbench_color,289,A traffic light with a smile red light above a green sign.
3,3,2,8,3,2,9,3,2,0,13,compbench_color,290,The man on the large black motorcycle has pink chaps.
3,3,2,8,3,2,9,3,2,0,13,compbench_color,291,The man on the large pink motorcycle has black chaps.
2,2,1,5,2,2,9,2,2,0,15,compbench_color,292,A black motorcycle is parked on grey cobblestones.
2,2,1,5,2,2,9,2,2,0,15,compbench_color,293,A grey motorcycle is parked on black cobblestones.
2,2,1,8,2,1,8,2,1,0,17,compbench_color,294,The white and yellow clock with a red roof reads 11:44.
2,2,1,8,2,1,8,2,1,0,17,compbench_color,295,The white and red clock with a yellow roof reads 11:44.
4,2,2,10,2,3,11,2,3,0,21,compbench_color,296,A man in a gray jacket standing in a kitchen next to a black dog.
4,2,2,10,2,3,11,2,3,0,21,compbench_color,297,A man in a black jacket standing in a kitchen next to a gray dog.
2,2,1,9,2,1,10,2,1,0,13,compbench_color,298,a white bathroom with a black and white shower curtain
2,2,1,9,2,1,10,2,1,0,13,compbench_color,299,a black bathroom with a black and white shower curtain
2,2,0,6,2,0,10,5,0,0,14,compbench_shape,0,an oblong cucumber and a teardrop plum
2,4,0,8,4,0,14,9,0,0,18,compbench_shape,1,a pentagonal stop sign and a spherical traffic light
2,3,0,8,3,0,13,3,0,0,19,compbench_shape,2,a cubic ice cube and a spherical ice bucket
2,2,0,6,2,0,10,5,0,0,15,compbench_shape,3,an oblong eggplant and a teardrop melon
2,2,0,6,2,0,7,2,0,0,10,compbench_shape,4,a cubic block and a cylindrical bottle
2,2,0,6,2,0,8,2,0,0,11,compbench_shape,5,a cubic block and a cylindrical canister
2,2,0,5,2,0,8,2,0,0,12,compbench_shape,6,a diamond pendant and a round locket
2,3,0,7,3,0,9,4,0,0,12,compbench_shape,7,a teardrop pendant and a cubic bracelet charm
2,2,0,8,2,0,13,3,0,0,16,compbench_shape,8,a pentagonal speed limit sign and a pyramidal paperweight
2,2,0,7,2,0,9,2,0,0,14,compbench_shape,9,a diamond ring and a pyramidal ring box
2,2,0,6,2,0,9,3,0,0,12,compbench_shape,10,a diamond brooch and a teardrop bracelet
2,2,0,6,2,0,13,5,0,0,17,compbench_shape,11,a pentagonal postbox and a pyramidal obelisk
2,3,0,8,3,0,14,4,0,0,20,compbench_shape,12,a conical wizard hat and a spherical crystal wand
2,2,0,6,2,0,8,2,0,0,11,compbench_shape,13,a round muffin and a square napkin
2,3,0,7,3,0,10,5,0,0,14,compbench_shape,14,a cylindrical candle and a pentagonal candle holder
2,3,0,7,3,0,9,3,0,0,12,compbench_shape,15,a round muffin and a square muffin liner
2,2,0,6,2,0,12,6,0,0,16,compbench_shape,16,a spherical globe and a conical flagpole
2,2,0,6,2,0,7,2,0,0,10,compbench_shape,17,a big bear and a small squirrel
2,2,0,6,2,0,6,2,0,0,10,compbench_shape,18,an oval sink and a rectangular mirror.
2,2,0,6,2,0,6,2,0,0,9,compbench_shape,19,an oval mirror and a rectangular painting
3,3,1,8,3,1,11,5,1,0,15,compbench_shape,20,a triangular slice of cheese and a rectangular cheese board
2,2,0,6,2,0,8,2,0,0,11,compbench_shape,21,a small bagel and a rectangular sandwich
2,2,0,6,2,0,11,2,0,0,14,compbench_shape,22,a tall skyscraper and a short lamppost
2,3,0,7,3,0,11,6,0,0,14,compbench_shape,23,a teardrop pendant and a triangular chain necklace
2,3,0,7,3,0,11,6,0,0,15,compbench_shape,24,an oblong sweet potato and a teardrop peach
2,2,0,7,2,0,12,5,0,0,17,compbench_shape,25,a spherical balloon and a conical party hat
2,2,0,7,2,0,12,3,0,0,16,compbench_shape,26,a pyramidal trophy and a spherical trophy ball
2,2,0,6,2,0,10,5,0,0,14,compbench_shape,27,an oblong squash and a teardrop plum
2,2,0,7,2,0,11,2,0,0,14,compbench_shape,28,a tall skyscraper and a short street lamp
2,3,0,7,3,0,12,7,0,0,16,compbench_shape,29,a spherical baseball and a conical baseball cap
2,3,0,7,3,0,7,3,0,0,10,compbench_shape,30,an oval coffee table and a rectangular rug
2,2,0,6,2,0,7,2,0,0,11,compbench_shape,31,a round cookie and a square container.
1,2,0,4,2,0,5,2,0,0,12,compbench_shape,32,a diamond engagement ring and a round pendant
2,2,0,7,2,0,7,2,0,0,10,compbench_shape,33,an oval bathtub and a square shower curtain
2,2,0,7,2,0,13,4,0,0,19,compbench_shape,34,an oblong acorn squash and a teardrop apricot
2,2,0,6,2,0,11,5,0,0,16,compbench_shape,35,an oblong pear and a teardrop melon
2,2,0,6,2,0,10,2,0,0,13,compbench_shape,36,a tall skyscraper and a short cabin
2,2,0,6,2,0,7,2,0,0,10,compbench_shape,37,a round bag and a square box
2,2,0,7,2,0,12,5,0,0,17,compbench_shape,38,a spherical ball and a conical party hat
2,2,0,6,2,0,7,2,0,0,10,compbench_shape,39,a long snake and a short tree
2,3,0,7,3,0,8,3,0,0,12,compbench_shape,40,a tall basketball player and a small hat
2,2,0,6,2,0,7,2,0,0,10,compbench_shape,41,a square book and a cylindrical pencil
3,3,1,8,3,1,9,3,1,0,13,compbench_shape,42,a cubic block and a cylindrical container of hand cream
2,2,0,6,2,0,9,4,0,0,13,compbench_shape,43,a cubic block and a triangular building set
2,2,0,5,2,0,6,2,0,0,10,compbench_shape,44,a diamond pendant and a round bracelet
2,3,0,7,3,0,7,3,0,0,10,compbench_shape,45,an oval sink and a rectangular soap dispenser
2,2,0,6,2,0,9,5,0,0,13,compbench_shape,46,an oblong squash and a teardrop strawberry
2,3,0,7,3,0,9,4,0,0,12,compbench_shape,47,a rectangular laptop and a teardrop laptop bag
2,2,0,6,2,0,10,5,0,0,14,compbench_shape,48,an oblong carrot and a teardrop plum
2,2,0,6,2,0,11,2,0,0,15,compbench_shape,49,a big hippopotamus and a small rabbit
2,3,0,7,3,0,10,5,0,0,13,compbench_shape,50,a cylindrical vase and a triangular flower arrangement
2,2,0,7,2,0,14,5,0,0,18,compbench_shape,51,a spherical ornament and a triangular tree topper
2,4,0,8,4,0,12,7,0,0,15,compbench_shape,52,a conical Christmas tree and a pentagonal tree skirt
2,2,0,6,2,0,10,2,0,0,13,compbench_shape,53,a round bagel and a square toaster
2,2,0,6,2,0,11,2,0,0,15,compbench_shape,54,a big hippopotamus and a small mouse
2,2,0,6,2,0,7,2,0,0,11,compbench_shape,55,a big lion and a small mouse
2,2,0,6,2,0,9,2,0,0,12,compbench_shape,56,a tall sunflower and a short daisy
2,2,0,7,2,0,14,7,0,0,19,compbench_shape,57,a spherical basketball and a conical referee hat
2,3,0,7,3,0,10,5,0,0,13,compbench_shape,58,a circular rug and a triangular coffee table
2,3,0,7,3,0,13,7,0,0,17,compbench_shape,59,a pyramidal paperweight and a pentagonal paperclip holder
2,2,0,6,2,0,9,3,0,0,12,compbench_shape,60,a cubic box and a pyramidal paperweight
2,2,0,6,2,0,10,5,0,0,14,compbench_shape,61,an oblong zucchini and a teardrop plum
2,2,0,6,2,0,7,2,0,0,11,compbench_shape,62,a cubic block and a cylindrical flashlight.
2,3,0,8,3,0,12,5,0,0,16,compbench_shape,63,a pentagonal yield sign and a pyramidal book stand.
2,2,0,6,2,0,9,5,0,0,13,compbench_shape,64,an oblong potato and a teardrop mango
2,3,0,7,3,0,8,3,0,0,11,compbench_shape,65,a round basketball and a cylindrical water bottle
2,3,0,7,3,0,12,7,0,0,16,compbench_shape,66,a rectangular mirror and a spherical magnifying glass
2,2,0,6,2,0,9,5,0,0,13,compbench_shape,67,an oblong zucchini and a teardrop cherry
2,3,0,7,3,0,10,3,0,0,14,compbench_shape,68,a tall palm tree and a short cactus
2,2,0,6,2,0,7,2,0,0,10,compbench_shape,69,a diamond bracelet and a rectangular watch
2,2,0,6,2,0,10,5,0,0,13,compbench_shape,70,a pentagonal medal and a pyramidal trophy
2,3,0,7,3,0,9,3,0,0,12,compbench_shape,71,a round bagel and a rectangular sandwich press
2,2,0,6,2,0,7,2,0,0,11,compbench_shape,72,a small block and a cylindrical soda can
2,3,0,8,3,0,9,3,0,0,12,compbench_shape,73,a cubic block and a cylindrical paper towel roll
2,3,0,7,3,0,10,5,0,0,14,compbench_shape,74,a pyramidal candle and a diamond candlestick holder
2,2,0,6,2,0,10,2,0,0,13,compbench_shape,75,a tall skyscraper and a short cottage
2,3,0,7,3,0,9,3,0,0,12,compbench_shape,76,a tall oak tree and a short sapling
2,3,0,7,3,0,13,5,0,0,16,compbench_shape,77,a pentagonal pencil sharpener and a cylindrical eraser
3,2,1,7,2,1,9,2,1,0,13,compbench_shape,78,a round pizza and a rectangular piece of lasagna
2,3,0,7,3,0,10,5,0,0,14,compbench_shape,79,a pyramidal candle holder and a conical candle
2,3,0,7,3,0,11,6,0,0,15,compbench_shape,80,an oblong sweet potato and a teardrop blueberry
2,2,0,6,2,0,8,2,0,0,11,compbench_shape,81,a big gorilla and a small mouse
2,2,0,6,2,0,8,2,0,0,12,compbench_shape,82,a round cookie and a square tin
2,3,0,7,3,0,11,6,0,0,14,compbench_shape,83,a pentagonal caution sign and a pyramidal vase
2,3,0,8,3,0,12,6,0,0,16,compbench_shape,84,a spherical soccer ball and a diamond soccer goal
2,2,0,6,2,0,8,3,0,0,11,compbench_shape,85,a rectangular computer and a teardrop pendant
2,3,0,7,3,0,7,3,0,0,10,compbench_shape,86,an oval picture frame and a rectangular painting
2,3,0,7,3,0,13,6,0,0,16,compbench_shape,87,a pentagonal pencil and a teardrop pencil sharpener
2,3,0,7,3,0,11,6,0,0,14,compbench_shape,88,a teardrop pendant and a pentagonal charm bracelet
3,2,1,7,2,1,8,2,1,0,12,compbench_shape,89,a cubic box and a cylindrical bottle of lotion
2,2,0,6,2,0,8,2,0,0,12,compbench_shape,90,a big tiger and a small kitten
3,2,0,7,2,0,13,4,0,0,16,compbench_shape,91,a pentagonal road sign and a pyramidal bookshelf
2,3,0,7,3,0,10,5,0,0,13,compbench_shape,92,a small rug and a triangular end table
2,2,0,6,2,0,13,6,0,0,18,compbench_shape,93,a teardrop pendant and a spherical bead necklace
3,2,1,7,2,1,9,2,1,0,13,compbench_shape,94,a round bagel and a square piece of toast
2,2,0,6,2,0,7,2,0,0,10,compbench_shape,95,a big elephant and a small cricket
2,4,0,8,4,0,10,4,0,0,14,compbench_shape,96,a cubic ice cube and a cylindrical water bottle
2,2,0,7,2,0,11,4,0,0,14,compbench_shape,97,a pentagonal clock and a conical clock face
2,2,0,6,2,0,12,5,0,0,17,compbench_shape,98,an oblong watermelon and a teardrop pear.
2,3,0,7,3,0,11,5,0,0,15,compbench_shape,99,a pyramidal paperweight and a conical pen holder
2,2,0,6,2,0,7,2,0,0,10,compbench_shape,100,a big whale and a small dolphin
2,3,0,7,3,0,9,4,0,0,12,compbench_shape,101,a rectangular television and a teardrop remote control
2,2,0,6,2,0,10,5,0,0,14,compbench_shape,102,an oblong carrot and a teardrop peach
2,3,0,7,3,0,9,3,0,0,12,compbench_shape,103,a round bagel and a rectangular bacon strip
2,2,0,6,2,0,12,6,0,0,17,compbench_shape,104,a pyramidal tomb and a spherical urn
3,2,1,7,2,1,9,2,1,0,13,compbench_shape,105,a round bagel and a rectangular piece of toast
2,2,0,6,2,0,10,5,0,0,13,compbench_shape,106,a pentagonal badge and a pyramidal crystal
2,2,0,7,2,0,14,6,0,0,19,compbench_shape,107,a spherical snowball and a conical snowman hat
2,3,0,7,3,0,7,3,0,0,10,compbench_shape,108,an oval picture frame and a square painting
2,2,0,6,2,0,7,2,0,0,10,compbench_shape,109,a long bridge and a short fence
3,3,1,8,3,1,13,7,1,0,17,compbench_shape,110,a triangular slice of pizza and a pentagonal pizza box
2,2,0,6,2,0,10,2,0,0,14,compbench_shape,111,a diamond tiara and a round brooch
2,4,0,8,4,0,11,6,0,0,15,compbench_shape,112,a circular pendant light and a triangular corner shelf.
2,2,0,7,2,0,13,5,0,0,18,compbench_shape,113,a spherical snowball and a conical party hat
2,2,0,6,2,0,7,2,0,0,10,compbench_shape,114,a big bear and a small rabbit
2,2,0,6,2,0,10,5,0,0,13,compbench_shape,115,a pentagonal star and a crescent moon
2,3,0,7,3,0,8,3,0,0,11,compbench_shape,116,a cubic block and a cylindrical toothpaste tube
2,2,0,7,2,0,12,3,0,0,16,compbench_shape,117,a pyramidal trophy and a spherical trophy stand
2,3,0,7,3,0,9,3,0,0,12,compbench_shape,118,a round bagel and a rectangular breakfast sandwich
2,4,0,9,4,0,13,7,0,0,17,compbench_shape,119,a pentagonal traffic sign and a pyramidal paper clip holder
2,2,0,6,2,0,7,2,0,0,10,compbench_shape,120,a big elephant and a small dog
2,2,0,7,2,0,9,2,0,0,13,compbench_shape,121,a cubic box and a conical party hat
2,4,0,8,4,0,13,8,0,0,17,compbench_shape,122,a spherical tennis ball and a conical tennis shoe
2,3,0,7,3,0,11,6,0,0,14,compbench_shape,123,a pentagonal parking sign and a pyramidal trophy
1,1,0,3,1,0,5,2,0,0,14,compbench_shape,124,a pyramidal bookend and a conical bookstand
2,3,0,7,3,0,13,8,0,0,17,compbench_shape,125,a spherical snow globe and an oblong frame
3,2,1,7,2,1,8,2,1,0,12,compbench_shape,126,a cubic block and a cylindrical container of markers
2,4,0,8,4,0,11,6,0,0,15,compbench_shape,127,a circular dining table and a triangular table runner
2,2,0,7,2,0,10,2,0,0,13,compbench_shape,128,a circular mirror and a triangular shelf unit
3,2,1,7,2,1,8,2,1,0,12,compbench_shape,129,a cubic block and a cylindrical tube of toothpaste
2,2,0,6,2,0,10,5,0,0,14,compbench_shape,130,an oblong potato and a teardrop grapefruit
3,3,1,8,3,1,12,6,1,0,16,compbench_shape,131,a triangular slice of pizza and a pyramidal pizza box
2,3,0,7,3,0,9,4,0,0,12,compbench_shape,132,a cubic block and a pyramidal puzzle box
2,3,0,7,3,0,11,4,0,0,14,compbench_shape,133,a conical lampshade and a cubic lamp base
2,2,0,7,2,0,8,2,0,0,11,compbench_shape,134,a round pizza and a square pizza box
2,4,0,8,4,0,13,7,0,0,16,compbench_shape,135,a pentagonal yield sign and a pyramidal salt shaker
2,2,0,6,2,0,11,5,0,0,17,compbench_shape,136,an oblong squash and a teardrop nectarine.
2,3,0,7,3,0,10,5,0,0,13,compbench_shape,137,a cubic dice and a triangular game piece
2,4,0,8,4,0,11,6,0,0,14,compbench_shape,138,a circular pendant light and a triangular wall hook
2,3,0,7,3,0,8,3,0,0,11,compbench_shape,139,a small bathtub and a rectangular bath mat
3,2,1,7,2,1,8,2,1,0,12,compbench_shape,140,a cubic book and a cylindrical can of soup
2,4,0,8,4,0,17,9,0,0,21,compbench_shape,141,a pentagonal pencil sharpener and a spherical pencil eraser
2,3,0,7,3,0,10,5,0,0,13,compbench_shape,142,a circular mirror and a triangular corner shelf
3,3,1,8,3,1,11,5,1,0,15,compbench_shape,143,a triangular slice of pie and a rectangular pie dish
3,2,1,7,2,1,8,2,1,0,12,compbench_shape,144,a cubic block and a cylindrical bottle of water
2,3,0,7,3,0,9,3,0,0,13,compbench_shape,145,a tall basketball player and a short jockey.
2,2,0,6,2,0,9,4,0,0,12,compbench_shape,146,a teardrop pendant and a pyramidal gemstone
2,2,0,6,2,0,11,2,0,0,15,compbench_shape,147,a big hippopotamus and a small cat
2,2,0,7,2,0,10,2,0,0,14,compbench_shape,148,a circular clock and a triangular wall shelf.
2,2,0,6,2,0,8,2,0,0,11,compbench_shape,149,a tall lighthouse and a short bench
2,2,0,6,2,0,10,2,0,0,14,compbench_shape,150,a round bagel and a square toaster.
2,3,0,7,3,0,10,5,0,0,13,compbench_shape,151,a circular clock and a triangular wall art
2,4,0,8,4,0,10,5,0,0,13,compbench_shape,152,a pyramidal puzzle box and a cubic puzzle piece
2,2,0,6,2,0,11,5,0,0,16,compbench_shape,153,an oblong squash and a teardrop apricot
2,2,0,6,2,0,11,6,0,0,16,compbench_shape,154,a spherical globe and a conical pencil.
2,2,0,6,2,0,11,5,0,0,16,compbench_shape,155,an oblong cucumber and a teardrop kiwi
2,2,0,8,2,0,13,2,0,0,18,compbench_shape,156,a spherical beach ball and a conical party hat
2,3,0,7,3,0,7,3,0,0,10,compbench_shape,157,an oval rug and a square coffee table
2,3,0,7,3,0,9,4,0,0,13,compbench_shape,158,a diamond engagement ring and a teardrop necklace
2,2,0,6,2,0,9,5,0,0,13,compbench_shape,159,an oblong carrot and a teardrop grape
2,4,0,8,4,0,13,8,0,0,17,compbench_shape,160,a spherical soccer ball and a conical traffic cone
2,2,0,6,2,0,10,2,0,0,14,compbench_shape,161,a tall skyscraper and a short bush.
2,3,0,7,3,0,10,4,0,0,13,compbench_shape,162,a small stop sign and a pyramidal paperweight
3,2,1,7,2,1,8,2,1,0,13,compbench_shape,163,a cubic block and a cylindrical jar of honey
3,2,1,7,2,1,8,2,1,0,12,compbench_shape,164,a round pizza and a rectangular slice of bread
2,2,0,6,2,0,10,2,0,0,13,compbench_shape,165,a round bagel and a rectangular toaster
2,2,0,6,2,0,10,4,0,0,13,compbench_shape,166,a rectangular table and a pentagonal tablecloth
2,3,0,7,3,0,8,3,0,0,11,compbench_shape,167,a tall palm tree and a short shrub
2,2,0,6,2,0,7,2,0,0,11,compbench_shape,168,a big pig and a small mouse
2,2,0,6,2,0,10,5,0,0,14,compbench_shape,169,an oblong squash and a teardrop peach
2,3,0,7,3,0,11,6,0,0,14,compbench_shape,170,a pentagonal stop sign and a pyramidal monument
2,2,0,6,2,0,8,2,0,0,11,compbench_shape,171,a small eraser and a cylindrical pen
2,3,0,7,3,0,14,7,0,0,18,compbench_shape,172,a spherical globe and a conical pencil sharpener
2,3,0,7,3,0,11,6,0,0,14,compbench_shape,173,a pyramidal trophy and a pentagonal trophy base
2,3,0,7,3,0,7,3,0,0,10,compbench_shape,174,an oval bathtub and a rectangular soap dish
2,3,0,7,3,0,11,6,0,0,15,compbench_shape,175,a rectangular wallet and a spherical coin purse
2,2,0,6,2,0,10,5,0,0,13,compbench_shape,176,a pentagonal badge and a pyramidal monument
2,2,0,6,2,0,7,2,0,0,10,compbench_shape,177,a tall tree and a short bush
2,3,0,7,3,0,8,3,0,0,12,compbench_shape,178,a cubic dice and a cylindrical pencil holder
2,3,0,7,3,0,11,6,0,0,14,compbench_shape,179,a pentagonal street sign and a pyramidal pyramid
2,2,0,6,2,0,9,4,0,0,12,compbench_shape,180,a pyramidal mountain and a conical volcano
2,2,0,6,2,0,7,2,0,0,11,compbench_shape,181,a diamond ring and a round necklace
2,2,0,7,2,0,11,4,0,0,14,compbench_shape,182,a pentagonal badge and a pyramidal award statue
2,3,0,7,3,0,14,7,0,0,20,compbench_shape,183,a spherical golf ball and a conical tee.
3,3,1,8,3,1,9,3,1,0,13,compbench_shape,184,a tall oak tree and a short blade of grass
2,2,0,6,2,0,7,2,0,0,10,compbench_shape,185,a rectangular table and a round lamp
2,2,0,6,2,0,7,2,0,0,11,compbench_shape,186,an oval platter and a rectangular tablecloth.
2,3,0,7,3,0,10,5,0,0,13,compbench_shape,187,a teardrop pendant and a diamond brooch pin
2,2,0,6,2,0,9,2,0,0,13,compbench_shape,188,a round doughnut and a square napkin.
2,3,0,7,3,0,13,6,0,0,18,compbench_shape,189,a diamond cufflink and a spherical shirt button
2,3,0,7,3,0,9,3,0,0,12,compbench_shape,190,a cubic dice and a cylindrical salt shaker
2,2,0,6,2,0,9,5,0,0,15,compbench_shape,191,an oblong eggplant and a teardrop fig.
2,3,0,7,3,0,11,6,0,0,14,compbench_shape,192,a pentagonal stop sign and a pyramidal sculpture
2,2,0,6,2,0,9,4,0,0,12,compbench_shape,193,a circular clock and a triangular shelf
2,3,0,7,3,0,10,3,0,0,14,compbench_shape,194,a round watermelon and a square cutting board.
3,1,0,6,1,0,11,1,0,0,14,compbench_shape,195,a circular clock and a triangular bookshelf
2,2,0,6,2,0,7,2,0,0,10,compbench_shape,196,a big whale and a small shrimp
2,2,0,6,2,0,6,2,0,0,10,compbench_shape,197,an oval picture and a rectangular frame.
2,4,0,8,4,0,8,4,0,0,11,compbench_shape,198,an oval dining table and a square dining chair
2,2,0,6,2,0,7,2,0,0,10,compbench_shape,199,a cubic die and a cylindrical flashlight
3,3,1,8,3,1,11,5,1,0,15,compbench_shape,200,a triangular slice of bread and a rectangular bread basket
2,2,0,6,2,0,15,7,0,0,19,compbench_shape,201,a pentagonal toolbox and a spherical toolset
2,2,0,6,2,0,7,2,0,0,10,compbench_shape,202,a small key and a big door
2,4,0,8,4,0,8,4,0,0,11,compbench_shape,203,an oval coffee table and a square end table
2,3,0,7,3,0,8,3,0,0,11,compbench_shape,204,a round balloon and a rectangular party invitation
2,3,0,7,3,0,12,7,0,0,17,compbench_shape,205,a spherical crystal and a pyramidal crystal holder
3,3,1,8,3,1,11,4,1,0,15,compbench_shape,206,a cubic box of chocolates and a teardrop chocolate truffle
2,2,0,7,2,0,10,4,0,0,13,compbench_shape,207,a pentagonal desk and a diamond desk organizer
2,2,0,6,2,0,7,2,0,0,10,compbench_shape,208,a big mountain and a small tree
2,2,0,6,2,0,7,2,0,0,10,compbench_shape,209,an oval table and a square placemat
2,4,0,8,4,0,14,9,0,0,18,compbench_shape,210,a pentagonal chocolate box and a spherical chocolate truffle
3,2,0,7,2,0,12,2,0,0,16,compbench_shape,211,a circular ceiling light and a triangular bookshelf.
2,2,0,8,2,0,15,4,0,0,19,compbench_shape,212,a spherical bowling ball and a conical bowling pin
2,2,0,6,2,0,8,2,0,0,11,compbench_shape,213,a big gorilla and a small monkey
2,2,0,6,2,0,7,2,0,0,10,compbench_shape,214,a short book and a long bookmark
3,2,1,7,2,1,9,2,1,0,13,compbench_shape,215,a small keychain and a big set of keys
2,3,0,8,3,0,10,4,0,0,13,compbench_shape,216,a pyramidal gift box and a cubic gift wrap
2,3,0,9,3,0,16,7,0,0,19,compbench_shape,217,a cubic Rubik's cube and a pentagonal game box
2,2,0,6,2,0,9,2,0,0,12,compbench_shape,218,a big sunflower and a small daisy
2,3,0,9,3,0,14,5,0,0,18,compbench_shape,219,a cubic Rubik's cube and a cylindrical pencil holder
2,2,0,7,2,0,15,5,0,0,19,compbench_shape,220,a pentagonal handbag and a spherical keychain charm
2,2,0,6,2,0,7,2,0,0,10,compbench_shape,221,a big truck and a small car
2,2,0,6,2,0,8,2,0,0,12,compbench_shape,222,a long necklace and a short earring
2,3,0,7,3,0,7,3,0,0,10,compbench_shape,223,an oval coffee table and a square ottoman
2,3,0,7,3,0,9,4,0,0,12,compbench_shape,224,a rectangular phone and a teardrop phone charm
2,2,0,6,2,0,8,2,0,0,11,compbench_shape,225,a small cup and a big saucer
2,2,0,6,2,0,8,2,0,0,11,compbench_shape,226,a small pebble and a big rock
2,3,0,8,3,0,11,3,0,0,14,compbench_shape,227,a cubic sugar cube and a cylindrical salt shaker
2,2,0,6,2,0,7,2,0,0,10,compbench_shape,228,a small button and a big zipper
2,2,0,6,2,0,10,5,0,0,14,compbench_shape,229,a spherical balloon and a rectangular banner
2,2,0,6,2,0,7,2,0,0,10,compbench_shape,230,a big balloon and a small marble
2,4,0,8,4,0,9,4,0,0,12,compbench_shape,231,a diamond wine glass and a cylindrical wine bottle
3,2,1,7,2,1,9,2,1,0,13,compbench_shape,232,a round peach and a rectangular bar of soap
3,2,1,7,2,1,10,4,1,0,14,compbench_shape,233,a triangular slice of bread and a cylindrical loaf
2,2,0,6,2,0,10,5,0,0,14,compbench_shape,234,an oblong potato and a teardrop plum
2,3,0,7,3,0,7,3,0,0,11,compbench_shape,235,an oval pizza and a round pizza cutter.
2,2,0,6,2,0,9,4,0,0,12,compbench_shape,236,a triangular sign and a small sculpture
2,2,0,6,2,0,7,2,0,0,10,compbench_shape,237,an big bathtub and a square showerhead
2,2,0,6,2,0,7,2,0,0,11,compbench_shape,238,a small lion and a big horse
2,4,0,8,4,0,11,6,0,0,14,compbench_shape,239,a round cinnamon roll and a round toaster pastry
4,5,2,14,5,2,19,7,2,0,26,compbench_shape,240,The cylindrical water bottle with its square lid and conical base kept hikers hydrated on the triangular trail.
4,5,2,11,5,3,13,7,3,0,21,compbench_shape,241,The rectangular mirror with its oval reflection and oblong frame hung in the round bathroom.
4,5,2,12,5,3,20,11,4,0,29,compbench_shape,242,The teardrop earrings with their triangular studs and spherical pearls sparkled in the diamond jewelry box.
4,4,2,9,4,3,11,6,2,0,23,compbench_shape,243,The cubic bookshelf with its cylindrical legs and rectangular shelves held books in the oblong study.
4,4,3,14,4,4,21,8,4,0,28,compbench_shape,244,The triangular sail with its pentagonal stitching and oblong boom propelled the circular boat on the ocean.
5,5,3,12,5,3,15,8,3,0,22,compbench_shape,245,The crescent sofa with its square cushions and oval back provided seating in the triangular living room.
6,5,4,14,5,4,17,8,4,0,25,compbench_shape,246,The oblong vase with its diamond pattern and circular mouth displayed flowers in the conical corner of the room.
5,5,5,12,5,7,15,8,4,0,22,compbench_shape,247,The pyramidal pyramid with its triangular base and rectangular entrance attracted tourists to the square desert.
5,7,3,15,7,4,23,14,3,0,31,compbench_shape,248,The circular steering wheel with its triangular spokes and oblong rim controlled the conical car on the pentagonal road.
5,6,3,16,6,3,22,11,3,0,31,compbench_shape,249,The conical ice cream cone with its spherical scoop and triangular cone held a tasty treat in the diamond park.
4,3,2,12,3,3,13,3,3,0,21,compbench_shape,250,A long rectangular table and a small circular vase were placed in the center of the room.
3,2,1,8,2,2,12,5,2,0,19,compbench_shape,251,The cylindrical tower and the spherical dome stood tall against the skyline.
4,4,2,12,4,3,16,8,3,0,23,compbench_shape,252,The triangular wedge and the oblong brick were the only pieces left in the construction set.
3,2,1,8,2,2,8,2,2,0,14,compbench_shape,253,The round knob and the square plate were attached to the door.
4,4,2,11,4,2,14,7,2,0,20,compbench_shape,254,The teardrop pendant and the diamond-studded bracelet were her favorite pieces of jewelry.
4,5,1,12,5,1,14,7,1,0,21,compbench_shape,255,The conical hat and the crescent moon were the only things visible in the night sky.
6,2,4,12,2,5,14,3,5,0,27,compbench_shape,256,A row of cubic boxes and a pile of pyramidal stones were stacked neatly in the corner of the room.
3,2,1,8,2,2,8,2,2,0,14,compbench_shape,257,The oval mirror and the rectangular frame were mounted on the wall.
5,3,3,12,3,3,17,8,3,0,24,compbench_shape,258,The spherical ball and the pentagonal pyramid were the objects of focus in the geometry lesson.
4,3,2,11,3,2,14,5,2,0,20,compbench_shape,259,The triangular sail and the square deck were the defining features of the sailboat.
4,3,2,11,3,3,14,4,3,0,20,compbench_shape,260,The cylindrical barrel and the conical flask were the only containers left in the laboratory.
4,3,2,11,3,3,13,5,3,0,22,compbench_shape,261,The oblong rug and the circular ottoman were arranged in the center of the living room.
4,4,2,13,4,2,14,4,2,0,19,compbench_shape,262,The diamond window and the rectangular door were the only openings in the otherwise blank wall.
3,3,1,9,3,1,15,9,1,0,25,compbench_shape,263,The spherical planet and the crescent moon were the celestial bodies that fascinated him the most.
4,3,2,11,3,2,13,5,2,0,18,compbench_shape,264,The triangular slice and the round pizza were the only options on the menu.
4,4,2,11,4,2,11,4,2,0,16,compbench_shape,265,The cubic dice and the cylindrical pencil were the tools of his favorite game.
4,3,2,11,3,2,12,4,2,0,18,compbench_shape,266,The teardrop leaves and the oval petals made up the floral arrangement on the table.
4,3,2,11,3,2,13,5,2,0,19,compbench_shape,267,The square room and the oblong hallway were the only spaces in the house.
4,4,2,12,4,2,16,7,2,0,22,compbench_shape,268,The pyramidal roof and the triangular archway were the defining features of the ancient temple.
3,4,1,10,4,2,10,4,2,0,16,compbench_shape,269,The circular wreath and the rectangular picture frame hung on the front door.
5,3,3,12,3,3,16,7,3,0,24,compbench_shape,270,The conical hat and the spherical ball were the objects of attention in the magic show.
4,3,2,11,3,2,12,4,2,0,17,compbench_shape,271,The crescent curve and the diamond pattern were the highlights of the carpet design.
4,3,1,10,3,1,15,7,1,0,28,compbench_shape,272,The pentagonal prism and the triangular pyramid were the shapes that he struggled with the most in math class.
5,3,3,12,3,3,12,3,3,0,18,compbench_shape,273,The cylindrical column and the square pedestal were the only pieces of furniture in the foyer.
3,3,1,9,3,2,11,5,2,0,19,compbench_shape,274,The oblong table and the round chairs were arranged for the dinner party.
5,2,2,10,2,2,15,6,2,0,22,compbench_shape,275,The spherical globe and the teardrop droplet were the symbols of science and nature.
4,4,2,12,4,2,14,6,2,0,20,compbench_shape,276,The triangular roof and the diamond windows were the defining features of the modern architecture.
4,5,2,12,5,2,12,5,2,0,17,compbench_shape,277,The cubic block and the cylindrical tube were the building blocks for his latest invention.
4,4,2,12,4,2,12,4,2,0,17,compbench_shape,278,The rectangular screen and the oval speakers were the only electronic devices in the room.
4,4,2,12,4,2,14,6,2,0,20,compbench_shape,279,The conical mountain and the crescent beach were the contrasting views from the hotel room.
4,2,2,10,2,2,14,4,2,0,19,compbench_shape,280,The pentagonal star and the square checkerboard were the patterns on the quilt.
4,3,2,11,3,2,14,6,2,0,19,compbench_shape,281,The pyramidal shape and the triangular lines were the inspiration for the art project.
4,3,2,11,3,2,14,5,2,0,20,compbench_shape,282,The oblong painting and the circular sculpture were the centerpieces of the art exhibit.
3,3,1,9,3,1,10,4,1,0,18,compbench_shape,283,The diamond ring and the teardrop necklace were the precious gifts from her beloved.
4,2,2,10,2,2,14,5,2,0,20,compbench_shape,284,The cylindrical tower and the spherical fountain were the landmarks of the city.
4,2,2,10,2,3,12,4,4,0,20,compbench_shape,285,The triangular flag and the rectangular banner were waving in the wind on the parade.
4,4,2,12,4,2,15,5,2,0,20,compbench_shape,286,The cubic room and the conical lampshade were the unique features of the hotel suite.
3,2,0,7,2,0,7,2,0,0,14,compbench_shape,287,The oval platter and the round bowl were used for serving dinner.
5,3,3,13,3,3,22,6,3,0,29,compbench_shape,288,The pentagonal prism and the pyramidal tetrahedron were the shapes of the crystals in the museum exhibit.
3,3,1,10,3,2,13,5,3,0,20,compbench_shape,289,A triangular plane and a circular hot air balloon floated in the sky.
3,2,1,7,2,2,8,2,3,0,17,compbench_shape,290,A small kitten and a big dog sat side by side.
3,3,1,9,3,2,10,3,2,0,16,compbench_shape,291,A long road and a short path led to the same destination.
4,2,2,10,2,2,10,2,2,0,16,compbench_shape,292,The tall tree and the short shrub created a contrast in the garden.
3,3,0,8,3,0,9,3,0,0,16,compbench_shape,293,The big book and the small notepad were both useful for different purposes.
3,3,1,8,3,1,8,3,1,0,13,compbench_shape,294,The long dress and the short skirt were both fashionable choices.
3,2,1,8,2,1,9,2,1,0,14,compbench_shape,295,The tall tower and the short building dominated the skyline.
3,3,1,9,3,1,9,3,1,0,13,compbench_shape,296,The big elephant and the small mouse made an unlikely pair.
3,3,1,9,3,2,9,3,4,0,16,compbench_shape,297,The long river and the short stream flowed through the picturesque valley.
3,3,0,8,3,0,8,3,0,0,16,compbench_shape,298,The tall ladder and the short stool were both necessary for reaching high places.
4,3,2,9,3,2,9,3,2,0,14,compbench_shape,299,The big house and the small cabin provided different types of accommodations.
2,2,0,6,2,0,8,2,0,0,11,compbench_texture,0,a plastic toy and a glass bottle
2,2,0,5,2,0,5,2,0,0,7,compbench_texture,1,rubber sole shoes and fluffy clouds
2,3,0,7,3,0,8,3,0,0,11,compbench_texture,2,a metallic desk lamp and a fluffy sweater
2,2,0,6,2,0,7,2,0,0,10,compbench_texture,3,a rubber band and a wooden floor
2,2,0,6,2,0,7,2,0,0,10,compbench_texture,4,a fabric towel and a glass table
2,2,0,6,2,0,7,2,0,0,10,compbench_texture,5,a metallic car and a fabric dress
2,2,0,6,2,0,7,2,0,0,10,compbench_texture,6,a rubber ball and a leather wallet
2,2,0,6,2,0,7,2,0,0,10,compbench_texture,7,a fabric towel and a leather chair
2,2,0,6,2,0,7,2,0,0,10,compbench_texture,8,a fluffy rug and a leather wallet
1,0,0,6,0,0,9,0,0,0,10,compbench_texture,9,a plastic cutlery and fluffy clouds
2,2,0,6,2,0,7,2,0,0,11,compbench_texture,10,a wooden door and a glass jar
2,3,0,7,3,0,10,5,0,0,14,compbench_texture,11,a fluffy teddy bear and a leather belt
2,2,0,6,2,0,8,2,0,0,11,compbench_texture,12,a plastic toy and a fluffy pillow
2,2,0,6,2,0,7,2,0,0,10,compbench_texture,13,a rubber band and a plastic container
2,2,0,6,2,0,7,2,0,0,10,compbench_texture,14,a leather wallet and a glass window
2,2,0,6,2,0,7,2,0,0,10,compbench_texture,15,a wooden desk and a leather jacket
2,2,0,6,2,0,7,2,0,0,10,compbench_texture,16,a metallic spoon and a wooden chair
2,2,0,6,2,0,7,2,0,0,10,compbench_texture,17,a leather jacket and a glass vase
2,2,0,6,2,0,7,2,0,0,10,compbench_texture,18,a wooden spoon and a fabric rug
2,2,0,6,2,0,7,2,0,0,10,compbench_texture,19,a metallic jewelry and a glass bottle
2,3,0,7,3,0,9,3,0,0,12,compbench_texture,20,a metallic desk lamp and a wooden toy
2,3,0,7,3,0,8,3,0,0,11,compbench_texture,21,a plastic phone case and a leather chair
2,2,0,6,2,0,7,2,0,0,10,compbench_texture,22,a rubber band and a wooden spoon
2,2,0,6,2,0,7,2,0,0,10,compbench_texture,23,a metallic key and a fluffy pillow
2,2,0,6,2,0,7,2,0,0,10,compbench_texture,24,a leather shoes and a glass cup
2,2,0,7,2,0,8,2,0,0,11,compbench_texture,25,a metallic door knob and a wooden floor
2,2,0,6,2,0,7,2,0,0,10,compbench_texture,26,a rubber tire and a metallic key
2,2,0,5,2,0,9,2,0,0,11,compbench_texture,27,a metallic keychain and wooden chopsticks
2,2,0,6,2,0,7,2,0,0,10,compbench_texture,28,a fabric blanket and a leather jacket
2,2,0,6,2,0,7,2,0,0,11,compbench_texture,29,a plastic container and a glass jar
2,2,0,5,2,0,5,2,0,0,8,compbench_texture,30,fluffy clouds and a glass table
2,2,0,7,2,0,9,2,0,0,12,compbench_texture,31,a rubber eraser and a metallic door knob
2,2,0,6,2,0,7,2,0,0,10,compbench_texture,32,a rubber tire and a leather chair
2,2,0,6,2,0,7,2,0,0,10,compbench_texture,33,a fabric bag and a glass vase
2,2,0,6,2,0,7,2,0,0,10,compbench_texture,34,a plastic container and a fabric blanket
2,3,0,7,3,0,8,3,0,0,11,compbench_texture,35,a metallic desk lamp and a fabric curtain
2,3,0,7,3,0,8,3,0,0,11,compbench_texture,36,a metallic desk lamp and a glass cup
2,2,0,6,2,0,7,2,0,0,10,compbench_texture,37,a metallic car and a fluffy sweater
2,2,0,7,2,0,8,2,0,0,11,compbench_texture,38,a metallic door knob and a fabric blanket
2,2,0,6,2,0,7,2,0,0,10,compbench_texture,39,a rubber ball and a glass vase
2,2,0,6,2,0,8,2,0,0,11,compbench_texture,40,a wooden toy and a fabric pants
2,2,0,6,2,0,6,2,0,0,9,compbench_texture,41,rubber sole shoes and a metallic key
2,2,0,6,2,0,7,2,0,0,10,compbench_texture,42,a wooden door and a fluffy blanket
2,2,0,6,2,0,7,2,0,0,10,compbench_texture,43,a plastic container and a leather chair
2,2,0,5,2,0,5,2,0,0,8,compbench_texture,44,rubber gloves and a wooden table
2,3,0,7,3,0,10,5,0,0,14,compbench_texture,45,a fabric shirt and a fluffy teddy bear
2,2,0,6,2,0,7,2,0,0,10,compbench_texture,46,a wooden floor and a fabric shirt
2,2,0,6,2,0,7,2,0,0,10,compbench_texture,47,a fabric bag and a leather chair
2,2,0,6,2,0,7,2,0,0,10,compbench_texture,48,a plastic bag and a fabric pants
2,2,0,6,2,0,7,2,0,0,10,compbench_texture,49,a fabric pants and a fluffy rug
2,2,0,6,2,0,7,2,0,0,10,compbench_texture,50,a metallic spoon and a glass vase
1,1,0,6,1,0,8,1,0,0,9,compbench_texture,51,a rubber eraser and leather gloves
2,2,0,6,2,0,8,2,0,0,11,compbench_texture,52,a rubber tire and a metallic fork
2,2,0,6,2,0,8,2,0,0,11,compbench_texture,53,a plastic container and a metallic fork
2,2,0,6,2,0,7,2,0,0,10,compbench_texture,54,a wooden table and a leather belt
2,2,0,6,2,0,7,2,0,0,10,compbench_texture,55,a wooden floor and a glass bottle
2,2,0,7,2,0,8,2,0,0,11,compbench_texture,56,a metallic door knob and a fabric pillow
2,2,0,6,2,0,7,2,0,0,10,compbench_texture,57,a rubber ball and a fabric curtain
2,2,0,6,2,0,7,2,0,0,10,compbench_texture,58,a wooden table and a fabric blanket
2,2,0,6,2,0,8,2,0,0,11,compbench_texture,59,a plastic toy and a leather bag
2,3,0,7,3,0,8,3,0,0,11,compbench_texture,60,a plastic phone case and a fabric bag
2,2,0,6,2,0,7,2,0,0,10,compbench_texture,61,a metallic watch and a glass bottle
1,2,0,6,2,0,7,2,0,0,8,compbench_texture,62,a metallic key and fluffy clouds
2,2,0,5,2,0,5,2,0,0,8,compbench_texture,63,rubber gloves and a metallic watch
2,2,0,6,2,0,8,2,0,0,11,compbench_texture,64,a plastic toy and a wooden table
2,2,0,6,2,0,8,2,0,0,12,compbench_texture,65,a wooden toy and a fabric hat
2,2,0,6,2,0,8,2,0,0,11,compbench_texture,66,a metallic fork and a fabric dress
2,2,0,6,2,0,9,2,0,0,12,compbench_texture,67,a plastic cutlery and a glass mirror
2,2,0,6,2,0,7,2,0,0,10,compbench_texture,68,a fabric rug and a leather belt
2,2,0,6,2,0,7,2,0,0,10,compbench_texture,69,a plastic container and a fluffy rug
2,2,0,6,2,0,7,2,0,0,10,compbench_texture,70,a metallic car and a glass cup
2,2,0,6,2,0,7,2,0,0,10,compbench_texture,71,a rubber tire and a plastic bottle
2,2,0,6,2,0,7,2,0,0,10,compbench_texture,72,a leather chair and a glass cup
2,2,0,6,2,0,7,2,0,0,11,compbench_texture,73,a wooden chair and a fabric hat
2,2,0,5,2,0,6,2,0,0,8,compbench_texture,74,a wooden desk and leather gloves
2,3,0,7,3,0,10,5,0,0,14,compbench_texture,75,a plastic chair and a fluffy teddy bear
2,2,0,6,2,0,7,2,0,0,10,compbench_texture,76,a fabric pillow and a leather chair
2,2,0,6,2,0,7,2,0,0,10,compbench_texture,77,a fabric rug and a fluffy pillow
2,2,0,6,2,0,7,2,0,0,10,compbench_texture,78,a metallic watch and a fluffy sweater
2,2,0,5,2,0,5,2,0,0,9,compbench_texture,79,rubber gloves and a fabric hat
2,2,0,6,2,0,7,2,0,0,10,compbench_texture,80,a metallic key and a fabric curtain
2,2,0,6,2,0,7,2,0,0,10,compbench_texture,81,a plastic container and a glass window
2,2,0,6,2,0,7,2,0,0,11,compbench_texture,82,a fabric hat and a fluffy blanket
2,2,0,6,2,0,7,2,0,0,10,compbench_texture,83,a metallic spoon and a fluffy blanket
2,2,0,6,2,0,7,2,0,0,10,compbench_texture,84,a wooden spoon and a glass bottle
2,3,0,7,3,0,8,3,0,0,11,compbench_texture,85,a metallic desk lamp and a fabric dress
2,2,0,6,2,0,7,2,0,0,10,compbench_texture,86,a fabric blanket and a fluffy blanket
2,2,0,7,2,0,8,2,0,0,11,compbench_texture,87,a metallic door knob and a fabric pants
2,2,0,5,2,0,8,2,0,0,10,compbench_texture,88,a rubber band and wooden chopsticks
2,2,0,6,2,0,6,2,0,0,9,compbench_texture,89,rubber sole shoes and a fluffy blanket
2,3,0,7,3,0,10,5,0,0,14,compbench_texture,90,a plastic container and a fluffy teddy bear
2,2,0,7,2,0,8,2,0,0,11,compbench_texture,91,a metallic door knob and a wooden desk
2,3,0,7,3,0,10,5,0,0,14,compbench_texture,92,a wooden chair and a fluffy teddy bear
2,2,0,6,2,0,7,2,0,0,10,compbench_texture,93,a metallic jewelry and a fabric dress
2,2,0,6,2,0,7,2,0,0,10,compbench_texture,94,a rubber ball and a metallic car
1,1,0,6,1,0,7,1,0,0,8,compbench_texture,95,a fabric rug and fluffy clouds
2,2,0,5,2,0,6,2,0,0,8,compbench_texture,96,a plastic chair and leather gloves
2,2,0,6,2,0,7,2,0,0,10,compbench_texture,97,a wooden door and a fabric dress
2,2,0,6,2,0,7,2,0,0,11,compbench_texture,98,a plastic bag and a glass jar
2,2,0,6,2,0,7,2,0,0,11,compbench_texture,99,a rubber band and a glass jar
2,2,0,6,2,0,7,2,0,0,10,compbench_texture,100,a plastic chair and a metallic car
2,2,0,6,2,0,9,2,0,0,12,compbench_texture,101,a plastic cutlery and a wooden door
2,2,0,6,2,0,7,2,0,0,11,compbench_texture,102,a metallic knife and a glass jar
2,2,0,6,2,0,7,2,0,0,10,compbench_texture,103,a rubber ball and a leather shoes
2,2,0,5,2,0,5,2,0,0,8,compbench_texture,104,rubber gloves and a fluffy pillow
2,2,0,6,2,0,7,2,0,0,11,compbench_texture,105,a fabric blanket and a glass jar
2,2,0,6,2,0,7,2,0,0,10,compbench_texture,106,a fluffy pillow and a glass window
2,3,0,7,3,0,8,3,0,0,11,compbench_texture,107,a metallic key and a wooden jewelry box
2,3,0,7,3,0,11,5,0,0,15,compbench_texture,108,a metallic keychain and a fluffy teddy bear
2,2,0,6,2,0,8,2,0,0,11,compbench_texture,109,a rubber band and a wooden toy
2,2,0,6,2,0,7,2,0,0,10,compbench_texture,110,a plastic bottle and a leather jacket
2,3,0,7,3,0,9,3,0,0,12,compbench_texture,111,a plastic phone case and a wooden toy
2,2,0,6,2,0,6,2,0,0,9,compbench_texture,112,rubber sole shoes and a plastic container
2,2,0,6,2,0,7,2,0,0,10,compbench_texture,113,a fluffy pillow and a leather belt
2,2,0,6,2,0,7,2,0,0,10,compbench_texture,114,a rubber band and a fabric blanket
2,2,0,7,2,0,8,2,0,0,11,compbench_texture,115,a metallic door knob and a glass mirror
2,2,0,5,2,0,5,2,0,0,9,compbench_texture,116,leather gloves and a glass jar
2,3,0,7,3,0,9,5,0,0,13,compbench_texture,117,rubber sole shoes and a fluffy teddy bear
2,2,0,5,2,0,5,2,0,0,8,compbench_texture,118,rubber gloves and a metallic knife
2,2,0,5,2,0,7,2,0,0,10,compbench_texture,119,wooden chopsticks and a glass cup
2,2,0,6,2,0,7,2,0,0,10,compbench_texture,120,a rubber band and a glass window
2,3,0,7,3,0,8,3,0,0,11,compbench_texture,121,a metallic desk lamp and a leather jacket
2,2,0,6,2,0,7,2,0,0,10,compbench_texture,122,a fabric pillow and a fluffy blanket
2,2,0,6,2,0,7,2,0,0,11,compbench_texture,123,a fabric hat and a glass mirror
2,2,0,6,2,0,7,2,0,0,10,compbench_texture,124,a rubber ball and a leather belt
2,3,0,7,3,0,8,3,0,0,11,compbench_texture,125,a plastic phone case and a fabric curtain
2,2,0,6,2,0,7,2,0,0,10,compbench_texture,126,a rubber band and a fabric curtain
2,2,0,5,2,0,7,2,0,0,9,compbench_texture,127,a metallic fork and leather gloves
1,1,0,6,1,0,9,1,0,0,10,compbench_texture,128,a metallic spoon and wooden chopsticks
2,2,0,6,2,0,7,2,0,0,10,compbench_texture,129,a rubber ball and a metallic spoon
2,2,0,6,2,0,8,2,0,0,11,compbench_texture,130,a metallic fork and a fabric blanket
2,2,0,6,2,0,7,2,0,0,10,compbench_texture,131,a rubber tire and a fluffy rug
2,2,0,6,2,0,7,2,0,0,10,compbench_texture,132,a metallic jewelry and a wooden spoon
2,2,0,5,2,0,5,2,0,0,8,compbench_texture,133,rubber gloves and a wooden spoon
2,2,0,6,2,0,7,2,0,0,10,compbench_texture,134,a metallic watch and a fluffy towel
2,2,0,6,2,0,7,2,0,0,10,compbench_texture,135,a plastic chair and a glass mirror
2,2,0,6,2,0,7,2,0,0,10,compbench_texture,136,a rubber band and a glass table
2,2,0,5,2,0,5,2,0,0,8,compbench_texture,137,rubber gloves and a metallic car
2,2,0,5,2,0,6,2,0,0,9,compbench_texture,138,rubber gloves and a plastic toy
2,2,0,6,2,0,7,2,0,0,10,compbench_texture,139,a fabric shirt and a leather wallet
2,2,0,6,2,0,7,2,0,0,10,compbench_texture,140,a fabric pants and a fluffy blanket
2,2,0,6,2,0,7,2,0,0,10,compbench_texture,141,a metallic car and a leather shoes
2,2,0,6,2,0,7,2,0,0,10,compbench_texture,142,a rubber ball and a glass mirror
2,2,0,4,2,0,4,2,0,0,6,compbench_texture,143,rubber gloves and leather gloves
2,3,0,7,3,0,8,3,0,0,11,compbench_texture,144,a metallic desk lamp and a fluffy blanket
2,2,0,6,2,0,6,2,0,0,9,compbench_texture,145,rubber gloves and a metallic door knob
2,2,0,6,2,0,7,2,0,0,10,compbench_texture,146,a leather belt and a glass bottle
2,3,0,7,3,0,8,3,0,0,11,compbench_texture,147,a rubber ball and a plastic phone case
2,3,0,7,3,0,8,3,0,0,11,compbench_texture,148,a wooden jewelry box and a fabric blanket
2,2,0,6,2,0,7,2,0,0,10,compbench_texture,149,a plastic bag and a wooden table
2,3,0,7,3,0,9,3,0,0,12,compbench_texture,150,a metallic keychain and a wooden jewelry box
2,2,0,6,2,0,7,2,0,0,10,compbench_texture,151,a wooden floor and a fluffy rug
2,2,0,6,2,0,7,2,0,0,10,compbench_texture,152,a plastic chair and a wooden chair
2,2,0,6,2,0,7,2,0,0,10,compbench_texture,153,a rubber tire and a wooden table
2,2,0,6,2,0,8,2,0,0,11,compbench_texture,154,a metallic keychain and a fabric pants
2,2,0,6,2,0,7,2,0,0,10,compbench_texture,155,a plastic bag and a fluffy rug
2,2,0,6,2,0,7,2,0,0,10,compbench_texture,156,a wooden door and a glass mirror
2,3,0,7,3,0,8,3,0,0,11,compbench_texture,157,a wooden jewelry box and a fluffy blanket
2,2,0,6,2,0,7,2,0,0,11,compbench_texture,158,a fabric hat and a fluffy sweater
2,2,0,6,2,0,7,2,0,0,10,compbench_texture,159,a plastic bottle and a leather wallet
2,3,0,7,3,0,8,3,0,0,12,compbench_texture,160,a plastic phone case and a fabric hat
2,2,0,6,2,0,7,2,0,0,10,compbench_texture,161,a metallic spoon and a fluffy towel
2,2,0,6,2,0,8,2,0,0,11,compbench_texture,162,a rubber eraser and a plastic chair
2,2,0,6,2,0,7,2,0,0,10,compbench_texture,163,a metallic spoon and a glass window
2,2,0,6,2,0,7,2,0,0,10,compbench_texture,164,a rubber tire and a wooden spoon
2,2,0,6,2,0,6,2,0,0,9,compbench_texture,165,rubber sole shoes and a metallic car
2,3,0,7,3,0,10,3,0,0,13,compbench_texture,166,a plastic cutlery and a wooden picture frame
2,2,0,6,2,0,8,2,0,0,11,compbench_texture,167,a metallic fork and a fluffy blanket
2,2,0,6,2,0,8,2,0,0,11,compbench_texture,168,a plastic toy and a metallic jewelry
2,2,0,6,2,0,6,2,0,0,9,compbench_texture,169,rubber sole shoes and a glass cup
2,2,0,6,2,0,7,2,0,0,10,compbench_texture,170,a wooden floor and a glass window
2,2,0,6,2,0,7,2,0,0,10,compbench_texture,171,a fabric shirt and a glass window
2,2,0,6,2,0,7,2,0,0,10,compbench_texture,172,a plastic container and a fabric curtain
2,2,0,6,2,0,7,2,0,0,10,compbench_texture,173,a plastic container and a metallic jewelry
2,2,0,6,2,0,9,2,0,0,12,compbench_texture,174,a rubber eraser and a metallic keychain
2,2,0,6,2,0,7,2,0,0,10,compbench_texture,175,a fabric dress and a fluffy towel
2,2,0,6,2,0,7,2,0,0,10,compbench_texture,176,a rubber tire and a plastic container
2,2,0,6,2,0,7,2,0,0,10,compbench_texture,177,a plastic chair and a fabric shirt
2,2,0,6,2,0,8,2,0,0,11,compbench_texture,178,a metallic fork and a wooden desk
2,2,0,6,2,0,7,2,0,0,10,compbench_texture,179,a metallic jewelry and a leather wallet
2,3,0,6,3,0,7,3,0,0,9,compbench_texture,180,a plastic phone case and leather gloves
2,2,0,6,2,0,7,2,0,0,10,compbench_texture,181,a metallic key and a fabric bag
2,2,0,6,2,0,7,2,0,0,10,compbench_texture,182,a rubber tire and a fabric pillow
2,2,0,5,2,0,5,2,0,0,8,compbench_texture,183,rubber gloves and a wooden floor
2,2,0,6,2,0,7,2,0,0,10,compbench_texture,184,a plastic bag and a leather chair
2,2,0,6,2,0,7,2,0,0,10,compbench_texture,185,a metallic car and a leather jacket
2,3,0,7,3,0,9,3,0,0,12,compbench_texture,186,a rubber eraser and a wooden picture frame
2,2,0,6,2,0,7,2,0,0,10,compbench_texture,187,a fluffy towel and a leather belt
2,2,0,6,2,0,7,2,0,0,10,compbench_texture,188,a fabric blanket and a glass cup
2,2,0,6,2,0,7,2,0,0,10,compbench_texture,189,a plastic container and a fluffy blanket
2,3,0,7,3,0,9,3,0,0,12,compbench_texture,190,a metallic fork and a wooden jewelry box
2,2,0,6,2,0,7,2,0,0,10,compbench_texture,191,a fluffy pillow and a leather shoes
2,2,0,6,2,0,7,2,0,0,11,compbench_texture,192,a fluffy towel and a glass jar
2,2,0,6,2,0,8,2,0,0,11,compbench_texture,193,a metallic fork and a wooden spoon
2,2,0,6,2,0,7,2,0,0,10,compbench_texture,194,a rubber ball and a fluffy towel
2,2,0,6,2,0,8,2,0,0,11,compbench_texture,195,a rubber eraser and a leather belt
2,3,0,7,3,0,8,3,0,0,11,compbench_texture,196,a plastic phone case and a metallic jewelry
2,2,0,6,2,0,7,2,0,0,10,compbench_texture,197,a plastic container and a fluffy sweater
2,2,0,6,2,0,7,2,0,0,10,compbench_texture,198,a rubber band and a fabric towel
2,2,0,6,2,0,7,2,0,0,10,compbench_texture,199,a fabric dress and a glass vase
2,2,0,5,2,0,5,2,0,0,8,compbench_texture,200,rubber boots and a glass plate
2,2,0,6,2,0,7,2,0,0,10,compbench_texture,201,a metallic necklace and a fabric sweater
2,2,0,5,2,0,5,2,0,0,8,compbench_texture,202,rubber boots and a leather sofa
2,2,0,6,2,0,7,2,0,0,11,compbench_texture,203,a plastic cup and a leather hat
2,2,0,5,2,0,5,2,0,0,8,compbench_texture,204,rubber mat and a glass bowl
2,2,0,6,2,0,7,2,0,0,11,compbench_texture,205,a fabric sweater and a fluffy hat
2,2,0,6,2,0,7,2,0,0,10,compbench_texture,206,a metallic bracelet and a fabric jacket
2,2,0,6,2,0,8,2,0,0,11,compbench_texture,207,a wooden fork and a leather sofa
2,2,0,5,2,0,6,2,0,0,9,compbench_texture,208,wooden pencils and a fluffy scarf
2,2,0,5,2,0,5,2,0,0,8,compbench_texture,209,rubber boots and a plastic cup
2,2,0,6,2,0,7,2,0,0,11,compbench_texture,210,a fluffy hat and a glass plate
2,2,0,6,2,0,7,2,0,0,10,compbench_texture,211,a plastic cup and a fabric sweater
2,2,0,6,2,0,7,2,0,0,10,compbench_texture,212,a metallic bracelet and a wooden knife
2,2,0,6,2,0,8,2,0,0,11,compbench_texture,213,a metallic necklace and a wooden fork
2,2,0,6,2,0,7,2,0,0,12,compbench_texture,214,a metallic ring and a fluffy hat
2,2,0,6,2,0,7,2,0,0,10,compbench_texture,215,a fabric scarf and a glass bowl
2,2,0,6,2,0,7,2,0,0,11,compbench_texture,216,a fabric scarf and a leather hat
2,2,0,5,2,0,6,2,0,0,10,compbench_texture,217,wooden pencils and a leather hat
2,2,0,5,2,0,6,2,0,0,9,compbench_texture,218,wooden pencils and a leather sofa
2,2,0,6,2,0,8,2,0,0,11,compbench_texture,219,a wooden fork and a glass bowl
2,2,0,6,2,0,7,2,0,0,11,compbench_texture,220,a metallic ring and a glass plate
2,2,0,6,2,0,7,2,0,0,10,compbench_texture,221,a fabric jacket and a glass plate
2,2,0,6,2,0,7,2,0,0,11,compbench_texture,222,a metallic bracelet and a leather hat
2,2,0,6,2,0,8,2,0,0,12,compbench_texture,223,a metallic earring and a leather sofa
2,2,0,6,2,0,7,2,0,0,10,compbench_texture,224,a fabric sweater and a leather watch
2,2,0,6,2,0,7,2,0,0,11,compbench_texture,225,a plastic plate and a fluffy hat
2,2,0,6,2,0,7,2,0,0,11,compbench_texture,226,a metallic ring and a wooden knife
2,2,0,6,2,0,7,2,0,0,10,compbench_texture,227,a plastic plate and a fluffy scarf
2,2,0,6,2,0,7,2,0,0,10,compbench_texture,228,a fabric sweater and a leather sofa
2,2,0,6,2,0,7,2,0,0,10,compbench_texture,229,a plastic cup and a wooden knife
2,2,0,6,2,0,7,2,0,0,11,compbench_texture,230,a metallic necklace and a leather hat
2,2,0,5,2,0,5,2,0,0,8,compbench_texture,231,rubber mat and a metallic bracelet
2,2,0,6,2,0,7,2,0,0,10,compbench_texture,232,a fabric scarf and a leather sofa
2,2,0,6,2,0,8,2,0,0,12,compbench_texture,233,a metallic earring and a fabric jacket
2,2,0,5,2,0,5,2,0,0,8,compbench_texture,234,rubber mat and a fluffy scarf
2,2,0,6,2,0,7,2,0,0,12,compbench_texture,235,a fluffy hat and a leather hat
2,2,0,5,2,0,5,2,0,0,8,compbench_texture,236,rubber boots and a leather watch
2,2,0,6,2,0,7,2,0,0,11,compbench_texture,237,a metallic ring and a fabric sweater
2,2,0,6,2,0,8,2,0,0,12,compbench_texture,238,a wooden fork and a leather hat
2,2,0,5,2,0,6,2,0,0,9,compbench_texture,239,wooden pencils and a glass plate
5,4,3,14,4,3,16,4,3,0,22,compbench_texture,240,The glass perfume bottle and metallic cap release the fragrance of the wooden scent on the fabric handkerchief.
5,4,3,13,4,3,13,4,3,0,19,compbench_texture,241,The metallic whisk and wooden bowl mix the fluffy batter for the cake on the plastic counter.
4,4,2,12,4,2,13,5,2,0,18,compbench_texture,242,The leather wallet and fluffy keychain hang on the metallic hook by the wooden door.
5,4,3,13,4,4,15,4,3,0,22,compbench_texture,243,The wooden ladder and glass jar hold the metallic screws for the shelf on the fabric workbench.
5,4,3,13,4,3,13,4,3,0,19,compbench_texture,244,The metallic chair and plastic table hold the wooden laptop for the fluffy student in the library.
4,5,2,13,5,2,13,5,2,0,19,compbench_texture,245,The fluffy rug and leather ottoman rest on the wooden floor in the cozy reading nook.
4,4,2,11,4,2,12,4,2,0,17,compbench_texture,246,The glass vase and metallic stand display the wooden flowers on the fabric dresser.
4,4,2,11,4,3,13,4,2,0,18,compbench_texture,247,The wooden spoon and metallic ladle serve the fluffy soup in the plastic bowl.
4,4,1,11,4,1,11,4,1,0,17,compbench_texture,248,The leather shoes and fluffy socks rest on the metallic rack by the glass door.
4,4,2,12,4,2,13,4,2,0,19,compbench_texture,249,The wooden crate and glass bottle hold the metallic soda on the fabric picnic blanket.
5,4,2,12,4,2,12,4,2,0,18,compbench_texture,250,The metallic lamp and wooden desk provide light for the glass computer on the fluffy chair.
4,5,2,12,5,2,12,5,2,0,17,compbench_texture,251,The leather journal and wooden pen rest on the fabric notebook for the metallic writer.
4,6,1,14,6,1,15,7,1,0,20,compbench_texture,252,The wooden cutting board and metallic cheese grater slice the fluffy cheddar for the plastic sandwich.
4,5,2,12,5,2,15,5,2,0,20,compbench_texture,253,The glass test tube and metallic clamp hold the wooden pipette for the fluffy experiment.
4,6,2,13,6,2,13,6,2,0,18,compbench_texture,254,The leather wallet and metallic coin purse hold the plastic credit cards on the fabric counter.
4,5,2,13,5,3,16,5,2,0,21,compbench_texture,255,The wooden salad bowl and metallic tongs mix the fluffy greens for the glass dinner party.
4,4,0,11,4,0,11,4,0,0,16,compbench_texture,256,The metallic pot and wooden spoon boil the fluffy noodles on the plastic stove.
4,5,2,12,5,2,13,5,2,0,18,compbench_texture,257,The glass picture frame and metallic stand display the wooden photo on the fabric nightstand.
5,4,1,12,4,1,13,4,1,0,19,compbench_texture,258,The fluffy cat and leather collar nap on the wooden windowsill next to the glass vase.
3,3,1,8,3,1,10,3,1,0,20,compbench_texture,259,The wooden bookshelf and metallic bookends hold the plastic books for the fluffy reader.
4,4,2,11,4,2,12,4,2,0,17,compbench_texture,260,The metallic bicycle and wooden basket hold the fluffy flowers on the plastic handlebar.
4,5,2,13,5,3,15,5,2,0,21,compbench_texture,261,The glass candle holder and metallic candlestick illuminate the wooden dining table on the fabric tablecloth.
4,5,2,13,5,2,14,6,2,0,19,compbench_texture,262,The leather wallet and fluffy coin pouch hold the metallic change for the plastic vending machine.
5,4,1,13,4,1,16,4,1,0,20,compbench_texture,263,The wooden ruler and glass magnifying glass measure the metallic screws on the fabric workbench.
3,2,2,12,2,2,12,2,2,0,16,compbench_texture,264,The metallic pen and plastic notebook write the wooden notes for the fluffy presentation.
4,5,2,12,5,4,14,7,3,0,21,compbench_texture,265,The fluffy teddy bear and leather collar sit on the glass shelf by the wooden bed.
4,6,1,14,6,1,14,6,1,0,18,compbench_texture,266,The wooden rolling pin and metallic cookie cutter shape the fluffy dough for the plastic cookies.
5,4,3,14,4,3,14,4,3,0,21,compbench_texture,267,The glass fish tank and metallic filter provide a home for the wooden fish on the fluffy stand.
3,4,2,13,4,3,16,5,2,0,20,compbench_texture,268,The metallic spoon and wooden chopsticks stir the fluffy noodles in the plastic takeout container.
4,5,2,12,5,2,12,5,2,0,17,compbench_texture,269,The leather belt and fluffy scarf hang on the metallic hook by the glass mirror.
5,4,3,12,4,3,13,4,2,0,18,compbench_texture,270,The wooden birdhouse and glass bird feeder attract the metallic birds on the fabric tree.
3,3,2,14,3,2,14,3,2,0,18,compbench_texture,271,The fluffy towel and plastic soap dish rest on the metallic tray by the wooden bathtub.
5,3,1,12,3,1,13,3,1,0,19,compbench_texture,272,The glass baking dish and wooden spoon bake the metallic lasagna for the fluffy dinner party.
4,4,2,11,4,2,12,4,2,0,17,compbench_texture,273,The metallic stapler and leather portfolio hold the plastic documents on the wooden desk.
4,5,2,12,5,2,14,5,2,0,19,compbench_texture,274,The wooden birdhouse and fluffy bird perch on the metallic pole by the glass window.
4,4,2,11,4,3,13,4,2,0,19,compbench_texture,275,The glass vase and metallic watering can hold the wooden flowers on the fabric windowsill.
3,2,2,12,2,3,14,2,2,0,18,compbench_texture,276,The metallic pan and plastic spatula cook the fluffy eggs on the wooden stove.
3,3,1,8,3,1,11,3,1,0,21,compbench_texture,277,The wooden bookshelf and glass bookends hold the metallic books for the fluffy bookworm.
6,4,3,13,4,4,13,4,3,0,20,compbench_texture,278,The leather chair and metallic lamp provide comfort and light for the wooden desk on the fluffy rug.
3,3,2,13,3,2,14,3,2,0,20,compbench_texture,279,The glass terrarium and wooden plant holder display the metallic succulent on the fabric shelf.
3,4,1,13,4,1,15,5,1,0,20,compbench_texture,280,The metallic hammer and wooden mallet pound the fluffy nails into the plastic board.
4,4,2,11,4,2,13,4,2,0,18,compbench_texture,281,The glass vase and metallic frame display the wooden flowers on the fabric mantle.
4,4,2,12,4,2,12,4,2,0,18,compbench_texture,282,The leather belt and fluffy hat hang on the metallic hook by the glass door.
4,4,2,11,4,3,14,4,2,0,19,compbench_texture,283,The wooden pencil and metallic sharpener write the fluffy notes on the plastic notepad.
3,3,2,13,3,2,16,5,2,0,20,compbench_texture,284,The fluffy pillow and glass lampshade rest on the wooden nightstand by the metallic bed.
3,5,2,14,5,2,14,5,2,0,18,compbench_texture,285,The wooden spoon and plastic measuring cup mix the metallic ingredients for the fluffy cake batter.
4,4,1,11,4,1,12,4,1,0,18,compbench_texture,286,The leather jacket and metallic zipper keep the fluffy wearer warm on the glass sidewalk.
3,4,2,13,4,3,17,4,2,0,21,compbench_texture,287,The metallic whisk and plastic bowl beat the fluffy egg whites for the wooden meringue.
4,5,2,12,5,2,13,5,2,0,18,compbench_texture,288,The wooden hanger and fluffy dress hang on the metallic rack by the glass mirror.
4,4,2,11,4,2,11,4,2,0,16,compbench_texture,289,The glass bottle and metallic opener hold the wooden beer for the fluffy party.
4,5,2,12,5,3,12,5,2,0,17,compbench_texture,290,The metallic scissors and plastic ruler cut the fluffy paper for the wooden craft project.
4,4,2,11,4,2,13,4,2,0,18,compbench_texture,291,The wooden clipboard and glass paperweight hold the metallic documents for the fluffy meeting.
5,4,3,12,4,5,12,4,3,0,18,compbench_texture,292,The leather couch and fluffy pillow provide comfort on the wooden floor by the glass window.
4,4,1,11,4,1,11,4,1,0,16,compbench_texture,293,The metallic kettle and wooden spoon boil the fluffy water for the plastic tea.
4,4,2,11,4,3,11,4,2,0,17,compbench_texture,294,The glass jar and fluffy ribbon hold the metallic candy on the wooden table.
5,4,2,12,4,2,15,4,2,0,20,compbench_texture,295,The wooden salad bowl and plastic tongs mix the metallic greens for the fluffy salad.
4,4,2,11,4,3,12,4,2,0,17,compbench_texture,296,The leather wallet and metallic keychain hold the plastic keys by the glass door.
4,4,2,11,4,3,11,4,3,0,17,compbench_texture,297,The fluffy towel and metallic hook hang on the wooden hook by the glass shower.
3,4,2,13,4,2,13,4,2,0,17,compbench_texture,298,The glass ornament and wooden hook decorate the metallic Christmas tree on the fabric skirt.
4,4,1,10,4,1,11,4,1,0,17,compbench_texture,299,The metallic pen and fluffy notebook jot down ideas on the wooden desk.
2,0,0,4,0,0,7,0,0,0,12,compbench_spatial,0,a giraffe next to a lamp
3,0,2,6,0,2,8,0,2,0,13,compbench_spatial,1,a girl on the top of a frog
3,0,2,5,0,2,6,0,2,0,10,compbench_spatial,2,a mouse on side of a key
3,0,2,6,0,2,8,0,2,0,12,compbench_spatial,3,a bee on the right of a refrigerator
3,0,2,6,0,2,7,0,2,0,11,compbench_spatial,4,a balloon on the right of a person
3,0,2,6,0,2,7,0,2,0,11,compbench_spatial,5,a cat on the top of a sofa
3,0,2,6,0,2,7,0,2,0,11,compbench_spatial,6,a desk on the right of a horse
3,0,2,6,0,2,7,0,2,0,11,compbench_spatial,7,a bicycle on the bottom of a girl
3,0,2,6,0,2,7,0,2,0,11,compbench_spatial,8,a sheep on the left of a lamp
3,0,2,6,0,2,7,0,2,0,11,compbench_spatial,9,a suitcase on the right of a mouse
3,0,2,5,0,2,6,0,2,0,10,compbench_spatial,10,a bird on side of a airplane
3,0,2,6,0,2,7,0,2,0,12,compbench_spatial,11,a pig on the bottom of a train
3,0,2,6,0,2,7,0,2,0,11,compbench_spatial,12,a mouse on the bottom of a vase
3,0,2,5,0,2,6,0,2,0,10,compbench_spatial,13,a fish on side of a sofa
3,0,2,6,0,2,7,0,2,0,11,compbench_spatial,14,a girl on the top of a refrigerator
3,0,2,6,0,2,8,0,2,0,12,compbench_spatial,15,a boy on the bottom of a bee
3,0,2,6,0,2,7,0,2,0,11,compbench_spatial,16,a chicken on the left of a girl
3,0,2,6,0,2,7,0,2,0,11,compbench_spatial,17,a woman on the left of a balloon
3,0,2,6,0,2,7,0,2,0,11,compbench_spatial,18,a table on the bottom of a dog
3,0,2,5,0,2,6,0,2,0,10,compbench_spatial,19,a horse on side of a bicycle
3,0,2,6,0,2,7,0,2,0,11,compbench_spatial,20,a plate on the bottom of a fish
2,0,0,4,0,0,5,0,0,0,9,compbench_spatial,21,a boy next to a bowl
3,0,2,6,0,2,9,0,2,0,14,compbench_spatial,22,a man on the left of a giraffe
2,0,1,4,0,1,5,0,1,0,8,compbench_spatial,23,a mouse near a bowl
3,0,2,6,0,2,7,0,2,0,11,compbench_spatial,24,a woman on the right of a wallet
3,0,2,6,0,2,8,0,2,0,13,compbench_spatial,25,a frog on the left of a book
2,0,1,4,0,1,5,0,1,0,8,compbench_spatial,26,a mouse near a bag
3,0,2,6,0,2,7,0,2,0,11,compbench_spatial,27,a bicycle on the top of a turtle
3,0,2,6,0,2,7,0,2,0,11,compbench_spatial,28,a bicycle on the bottom of a chicken
3,0,2,5,0,2,6,0,2,0,10,compbench_spatial,29,a sheep on side of a chair
3,0,2,6,0,2,7,0,2,0,11,compbench_spatial,30,a boy on the left of a balloon
3,0,2,6,0,2,8,0,2,0,12,compbench_spatial,31,a bee on the top of a bicycle
3,0,2,6,0,2,7,0,2,0,11,compbench_spatial,32,a painting on the top of a rabbit
3,0,2,6,0,2,7,0,2,0,11,compbench_spatial,33,a bird on the top of a person
3,0,2,6,0,2,7,0,2,0,11,compbench_spatial,34,a key on the top of a chicken
2,0,0,4,0,0,5,0,0,0,9,compbench_spatial,35,a rabbit next to a table
3,0,2,5,0,2,7,0,2,0,11,compbench_spatial,36,a bee on side of a couch
3,0,2,6,0,2,9,0,2,0,14,compbench_spatial,37,a giraffe on the left of a table
2,0,1,4,0,1,5,0,1,0,8,compbench_spatial,38,a rabbit near a bicycle
3,0,2,6,0,2,7,0,2,0,11,compbench_spatial,39,a cup on the right of a dog
3,0,2,6,0,2,7,0,2,0,11,compbench_spatial,40,a book on the top of a butterfly
3,0,2,6,0,2,7,0,2,0,11,compbench_spatial,41,a key on the left of a butterfly
3,0,2,6,0,2,7,0,2,0,11,compbench_spatial,42,a bird on the left of a clock
3,0,2,6,0,2,8,0,2,0,13,compbench_spatial,43,a frog on the top of a bowl
3,0,2,5,0,2,6,0,2,0,10,compbench_spatial,44,a person on side of a cow
3,0,2,6,0,2,7,0,2,0,11,compbench_spatial,45,a chicken on the right of a suitcase
3,0,2,6,0,2,8,0,2,0,13,compbench_spatial,46,a sofa on the left of a frog
3,0,2,6,0,2,7,0,2,0,12,compbench_spatial,47,a pig on the left of a lamp
3,0,2,5,0,2,6,0,2,0,10,compbench_spatial,48,a horse on side of a car
3,0,2,6,0,2,7,0,2,0,11,compbench_spatial,49,a man on the right of a lamp
3,0,2,6,0,2,7,0,2,0,11,compbench_spatial,50,a horse on the left of a car
3,0,2,6,0,2,9,0,2,0,14,compbench_spatial,51,a wallet on the left of a giraffe
3,0,2,6,0,2,7,0,2,0,11,compbench_spatial,52,a clock on the top of a sheep
3,0,2,5,0,2,6,0,2,0,10,compbench_spatial,53,a cat on side of a suitcase
2,0,0,4,0,0,5,0,0,0,9,compbench_spatial,54,a cat next to a suitcase
3,0,2,6,0,2,7,0,2,0,11,compbench_spatial,55,a bird on the left of a microwave
3,0,2,6,0,2,7,0,2,0,11,compbench_spatial,56,a bird on the left of a phone
3,0,2,6,0,2,7,0,2,0,11,compbench_spatial,57,a computer on the top of a rabbit
3,0,2,5,0,2,6,0,2,0,10,compbench_spatial,58,a rabbit on side of a wallet
3,0,2,6,0,2,7,0,2,0,11,compbench_spatial,59,a dog on the bottom of a refrigerator
3,0,2,6,0,2,7,0,2,0,11,compbench_spatial,60,a couch on the right of a chicken
3,0,2,6,0,2,7,0,2,0,11,compbench_spatial,61,a phone on the right of a chicken
3,0,2,6,0,2,8,0,2,0,12,compbench_spatial,62,a bee on the top of a boy
3,0,2,6,0,2,7,0,2,0,11,compbench_spatial,63,a phone on the right of a rabbit
3,0,2,6,0,2,7,0,2,0,11,compbench_spatial,64,a bird on the left of a woman
3,0,2,6,0,2,7,0,2,0,11,compbench_spatial,65,a candle on the left of a mouse
3,0,2,6,0,2,7,0,2,0,11,compbench_spatial,66,a man on the left of a lamp
3,0,2,6,0,2,8,0,2,0,12,compbench_spatial,67,a bee on the left of a refrigerator
3,0,2,6,0,2,8,0,2,0,13,compbench_spatial,68,a frog on the bottom of a bowl
3,0,2,6,0,2,7,0,2,0,12,compbench_spatial,69,a cup on the left of a pig
3,0,2,6,0,2,7,0,2,0,11,compbench_spatial,70,a cow on the bottom of a bag
3,0,2,5,0,2,6,0,2,0,10,compbench_spatial,71,a butterfly on side of a cup
3,0,2,6,0,2,7,0,2,0,11,compbench_spatial,72,a butterfly on the left of a candle
3,0,2,6,0,2,7,0,2,0,11,compbench_spatial,73,a desk on the top of a butterfly
3,0,2,6,0,2,7,0,2,0,11,compbench_spatial,74,a dog on the top of a sofa
2,0,0,4,0,0,5,0,0,0,9,compbench_spatial,75,a turtle next to a bowl
3,0,2,6,0,2,7,0,2,0,11,compbench_spatial,76,a cow on the top of a chair
3,0,2,6,0,2,7,0,2,0,11,compbench_spatial,77,a painting on the bottom of a chicken
3,0,2,6,0,2,7,0,2,0,11,compbench_spatial,78,a vase on the right of a cat
3,0,2,6,0,2,7,0,2,0,11,compbench_spatial,79,a girl on the bottom of a bag
3,0,2,6,0,2,9,0,2,0,14,compbench_spatial,80,a giraffe on the left of a balloon
3,0,2,6,0,2,7,0,2,0,11,compbench_spatial,81,a phone on the right of a butterfly
2,0,0,4,0,0,7,0,0,0,12,compbench_spatial,82,a giraffe next to a suitcase
3,0,2,6,0,2,7,0,2,0,11,compbench_spatial,83,a dog on the right of a wallet
3,0,2,6,0,2,7,0,2,0,11,compbench_spatial,84,a woman on the left of a cup
3,0,2,6,0,2,7,0,2,0,11,compbench_spatial,85,a airplane on the right of a person
3,0,2,6,0,2,7,0,2,0,12,compbench_spatial,86,a microwave on the right of a pig
3,0,2,6,0,2,7,0,2,0,11,compbench_spatial,87,a backpack on the top of a chicken
2,0,1,4,0,1,6,0,1,0,10,compbench_spatial,88,a frog near a phone
3,0,2,5,0,2,6,0,2,0,10,compbench_spatial,89,a cat on side of a wallet
3,0,2,6,0,2,7,0,2,0,11,compbench_spatial,90,a woman on the top of a painting
3,0,2,5,0,2,6,0,2,0,10,compbench_spatial,91,a sheep on side of a sofa
3,0,2,6,0,2,7,0,2,0,11,compbench_spatial,92,a boy on the top of a wallet
3,0,2,5,0,2,6,0,2,0,10,compbench_spatial,93,a cow on side of a train
3,0,2,6,0,2,7,0,2,0,11,compbench_spatial,94,a chair on the bottom of a turtle
3,0,2,6,0,2,7,0,2,0,11,compbench_spatial,95,a turtle on the left of a man
3,0,2,6,0,2,7,0,2,0,11,compbench_spatial,96,a bird on the top of a balloon
3,0,2,6,0,2,7,0,2,0,11,compbench_spatial,97,a horse on the left of a book
3,0,2,6,0,2,7,0,2,0,12,compbench_spatial,98,a table on the top of a pig
3,0,2,5,0,2,7,0,2,0,11,compbench_spatial,99,a boy on side of a bee
2,0,0,4,0,0,5,0,0,0,9,compbench_spatial,100,a turtle next to a television
2,0,1,4,0,1,5,0,1,0,9,compbench_spatial,101,a pig near a cup
3,0,2,6,0,2,7,0,2,0,11,compbench_spatial,102,a rabbit on the bottom of a chair
3,0,2,6,0,2,7,0,2,0,11,compbench_spatial,103,a painting on the bottom of a horse
3,0,2,6,0,2,7,0,2,0,11,compbench_spatial,104,a bowl on the right of a butterfly
2,0,1,4,0,1,6,0,1,0,10,compbench_spatial,105,a frog near a chair
3,0,2,6,0,2,7,0,2,0,11,compbench_spatial,106,a dog on the top of a desk
3,0,2,5,0,2,6,0,2,0,10,compbench_spatial,107,a girl on side of a desk
3,0,2,6,0,2,7,0,2,0,11,compbench_spatial,108,a television on the right of a woman
2,0,1,4,0,1,5,0,1,0,9,compbench_spatial,109,a pig near a wallet
2,0,1,4,0,1,5,0,1,0,9,compbench_spatial,110,a man near a pig
3,0,2,6,0,2,7,0,2,0,12,compbench_spatial,111,a pig on the top of a boy
2,0,1,4,0,1,7,0,1,0,11,compbench_spatial,112,a giraffe near a wallet
2,0,1,4,0,1,5,0,1,0,9,compbench_spatial,113,a pig near a clock
3,0,2,6,0,2,7,0,2,0,11,compbench_spatial,114,a dog on the bottom of a balloon
2,0,1,4,0,1,5,0,1,0,8,compbench_spatial,115,a fish near a cup
3,0,2,6,0,2,7,0,2,0,11,compbench_spatial,116,a bag on the right of a dog
3,0,2,6,0,2,7,0,2,0,11,compbench_spatial,117,a cup on the top of a butterfly
3,0,2,6,0,2,7,0,2,0,11,compbench_spatial,118,a airplane on the right of a girl
2,0,0,4,0,0,6,0,0,0,11,compbench_spatial,119,a frog next to a desk
2,0,1,4,0,1,5,0,1,0,8,compbench_spatial,120,a woman near a bag
3,0,2,6,0,2,7,0,2,0,11,compbench_spatial,121,a woman on the right of a television
3,0,2,6,0,2,7,0,2,0,11,compbench_spatial,122,a cup on the bottom of a dog
3,0,2,6,0,2,7,0,2,0,11,compbench_spatial,123,a woman on the left of a plate
2,0,1,4,0,1,6,0,1,0,10,compbench_spatial,124,a frog near a refrigerator
3,0,2,6,0,2,7,0,2,0,12,compbench_spatial,125,a pig on the top of a man
3,0,2,6,0,2,7,0,2,0,11,compbench_spatial,126,a rabbit on the right of a wallet
2,0,0,4,0,0,5,0,0,0,9,compbench_spatial,127,a girl next to a cow
3,0,2,6,0,2,7,0,2,0,11,compbench_spatial,128,a man on the top of a sofa
3,0,2,6,0,2,7,0,2,0,11,compbench_spatial,129,a cat on the right of a person
3,0,2,6,0,2,8,0,2,0,12,compbench_spatial,130,a bee on the bottom of a airplane
3,0,2,6,0,2,7,0,2,0,11,compbench_spatial,131,a bird on the right of a cup
3,0,2,6,0,2,7,0,2,0,12,compbench_spatial,132,a woman on the top of a pig
3,0,2,6,0,2,7,0,2,0,11,compbench_spatial,133,a airplane on the right of a turtle
3,0,2,6,0,2,7,0,2,0,11,compbench_spatial,134,a television on the top of a bird
2,0,0,4,0,0,5,0,0,0,9,compbench_spatial,135,a cow next to a couch
3,0,2,6,0,2,7,0,2,0,11,compbench_spatial,136,a bird on the right of a man
3,0,2,6,0,2,7,0,2,0,11,compbench_spatial,137,a table on the left of a girl
2,0,1,4,0,1,7,0,1,0,11,compbench_spatial,138,a giraffe near a computer
3,0,2,6,0,2,8,0,2,0,13,compbench_spatial,139,a frog on the left of a refrigerator
3,0,2,6,0,2,9,0,2,0,14,compbench_spatial,140,a giraffe on the right of a wallet
2,0,1,4,0,1,5,0,1,0,8,compbench_spatial,141,a girl near a bag
3,0,2,5,0,2,6,0,2,0,10,compbench_spatial,142,a cow on side of a clock
3,0,2,6,0,2,7,0,2,0,11,compbench_spatial,143,a train on the top of a cow
3,0,2,6,0,2,9,0,2,0,14,compbench_spatial,144,a giraffe on the top of a airplane
3,0,2,6,0,2,7,0,2,0,11,compbench_spatial,145,a plate on the left of a girl
3,0,2,5,0,2,6,0,2,0,10,compbench_spatial,146,a woman on side of a cup
2,0,0,4,0,0,5,0,0,0,9,compbench_spatial,147,a man next to a mouse
2,0,1,4,0,1,5,0,1,0,8,compbench_spatial,148,a chicken near a suitcase
3,0,2,6,0,2,7,0,2,0,11,compbench_spatial,149,a girl on the bottom of a horse
3,0,2,6,0,2,7,0,2,0,11,compbench_spatial,150,a key on the right of a dog
2,0,1,4,0,1,5,0,1,0,8,compbench_spatial,151,a horse near a sofa
3,0,2,6,0,2,7,0,2,0,11,compbench_spatial,152,a turtle on the bottom of a phone
3,0,2,6,0,2,7,0,2,0,11,compbench_spatial,153,a butterfly on the right of a balloon
3,0,2,6,0,2,7,0,2,0,11,compbench_spatial,154,a horse on the bottom of a plate
2,0,0,4,0,0,5,0,0,0,9,compbench_spatial,155,a turtle next to a airplane
3,0,2,6,0,2,7,0,2,0,11,compbench_spatial,156,a woman on the top of a butterfly
3,0,2,6,0,2,7,0,2,0,11,compbench_spatial,157,a mouse on the bottom of a phone
3,0,2,6,0,2,7,0,2,0,11,compbench_spatial,158,a dog on the bottom of a desk
3,0,2,6,0,2,8,0,2,0,13,compbench_spatial,159,a frog on the right of a bag
3,0,2,5,0,2,6,0,2,0,10,compbench_spatial,160,a person on side of a table
3,0,2,6,0,2,8,0,2,0,13,compbench_spatial,161,a chair on the right of a frog
3,0,2,6,0,2,7,0,2,0,11,compbench_spatial,162,a suitcase on the right of a cow
2,0,1,4,0,1,5,0,1,0,8,compbench_spatial,163,a rabbit near a train
3,0,2,6,0,2,7,0,2,0,11,compbench_spatial,164,a candle on the top of a chicken
3,0,2,6,0,2,7,0,2,0,11,compbench_spatial,165,a television on the right of a person
2,0,0,4,0,0,5,0,0,0,9,compbench_spatial,166,a fish next to a train
3,0,2,6,0,2,9,0,2,0,14,compbench_spatial,167,a train on the bottom of a giraffe
3,0,2,6,0,2,7,0,2,0,11,compbench_spatial,168,a train on the bottom of a girl
3,0,2,6,0,2,7,0,2,0,11,compbench_spatial,169,a rabbit on the top of a clock
3,0,2,5,0,2,6,0,2,0,10,compbench_spatial,170,a man on side of a cow
2,0,0,4,0,0,5,0,0,0,9,compbench_spatial,171,a man next to a airplane
3,0,2,6,0,2,7,0,2,0,11,compbench_spatial,172,a woman on the left of a microwave
3,0,2,6,0,2,7,0,2,0,11,compbench_spatial,173,a candle on the right of a bird
3,0,2,5,0,2,6,0,2,0,10,compbench_spatial,174,a bird on side of a balloon
3,0,2,6,0,2,9,0,2,0,14,compbench_spatial,175,a giraffe on the bottom of a suitcase
3,0,2,6,0,2,9,0,2,0,14,compbench_spatial,176,a chair on the right of a giraffe
3,0,2,5,0,2,7,0,2,0,12,compbench_spatial,177,a frog on side of a wallet
3,0,2,6,0,2,7,0,2,0,11,compbench_spatial,178,a balloon on the right of a butterfly
2,0,0,4,0,0,5,0,0,0,9,compbench_spatial,179,a butterfly next to a train
3,0,2,6,0,2,7,0,2,0,11,compbench_spatial,180,a table on the right of a man
3,0,2,6,0,2,9,0,2,0,14,compbench_spatial,181,a desk on the bottom of a giraffe
3,0,2,6,0,2,7,0,2,0,11,compbench_spatial,182,a cat on the bottom of a man
3,0,2,6,0,2,7,0,2,0,11,compbench_spatial,183,a airplane on the top of a mouse
2,0,1,4,0,1,6,0,1,0,9,compbench_spatial,184,a bee near a desk
3,0,2,6,0,2,7,0,2,0,11,compbench_spatial,185,a woman on the right of a phone
3,0,2,6,0,2,8,0,2,0,13,compbench_spatial,186,a bowl on the bottom of a frog
3,0,2,6,0,2,7,0,2,0,11,compbench_spatial,187,a balloon on the bottom of a chicken
3,0,2,6,0,2,7,0,2,0,11,compbench_spatial,188,a balloon on the bottom of a person
3,0,2,6,0,2,7,0,2,0,11,compbench_spatial,189,a person on the right of a train
3,0,2,6,0,2,7,0,2,0,11,compbench_spatial,190,a airplane on the top of a horse
3,0,2,5,0,2,6,0,2,0,10,compbench_spatial,191,a fish on side of a bag
3,0,2,6,0,2,7,0,2,0,11,compbench_spatial,192,a television on the top of a woman
3,0,2,6,0,2,7,0,2,0,11,compbench_spatial,193,a person on the left of a vase
3,0,2,6,0,2,7,0,2,0,12,compbench_spatial,194,a couch on the bottom of a pig
2,0,0,4,0,0,5,0,0,0,9,compbench_spatial,195,a rabbit next to a train
2,0,0,4,0,0,6,0,0,0,10,compbench_spatial,196,a bee next to a microwave
3,0,2,6,0,2,7,0,2,0,11,compbench_spatial,197,a horse on the top of a wallet
3,0,2,6,0,2,7,0,2,0,11,compbench_spatial,198,a girl on the right of a sofa
3,0,2,6,0,2,7,0,2,0,11,compbench_spatial,199,a person on the left of a couch
3,0,2,5,0,2,6,0,2,0,10,compbench_spatial,200,a chicken on side of a candle
3,0,2,6,0,2,8,0,2,0,12,compbench_spatial,201,a cup on the right of a bee
3,0,2,6,0,2,9,0,2,0,14,compbench_spatial,202,a giraffe on the right of a candle
3,0,2,6,0,2,7,0,2,0,11,compbench_spatial,203,a woman on the top of a airplane
3,0,2,5,0,2,6,0,2,0,10,compbench_spatial,204,a rabbit on side of a suitcase
3,0,2,6,0,2,7,0,2,0,11,compbench_spatial,205,a phone on the bottom of a fish
3,0,2,6,0,2,7,0,2,0,11,compbench_spatial,206,a man on the top of a turtle
3,0,2,6,0,2,7,0,2,0,11,compbench_spatial,207,a wallet on the bottom of a bird
2,0,0,4,0,0,5,0,0,0,9,compbench_spatial,208,a woman next to a turtle
3,0,2,6,0,2,7,0,2,0,11,compbench_spatial,209,a vase on the bottom of a person
3,0,2,6,0,2,7,0,2,0,11,compbench_spatial,210,a butterfly on the right of a wallet
3,0,2,6,0,2,7,0,2,0,11,compbench_spatial,211,a woman on the top of a desk
3,0,2,6,0,2,7,0,2,0,11,compbench_spatial,212,a airplane on the right of a mouse
3,0,2,6,0,2,7,0,2,0,11,compbench_spatial,213,a boy on the left of a computer
3,0,2,5,0,2,6,0,2,0,10,compbench_spatial,214,a chicken on side of a cup
2,0,1,4,0,1,5,0,1,0,8,compbench_spatial,215,a horse near a wallet
3,0,2,6,0,2,7,0,2,0,11,compbench_spatial,216,a cow on the top of a painting
3,0,2,6,0,2,7,0,2,0,12,compbench_spatial,217,a girl on the left of a pig
2,0,1,4,0,1,5,0,1,0,8,compbench_spatial,218,a fish near a car
3,0,2,5,0,2,7,0,2,0,11,compbench_spatial,219,a bee on side of a airplane
2,0,1,4,0,1,5,0,1,0,8,compbench_spatial,220,a boy near a airplane
3,0,2,6,0,2,8,0,2,0,13,compbench_spatial,221,a woman on the bottom of a frog
3,0,2,6,0,2,7,0,2,0,11,compbench_spatial,222,a woman on the top of a microwave
2,0,0,4,0,0,7,0,0,0,12,compbench_spatial,223,a giraffe next to a television
3,0,2,6,0,2,8,0,2,0,12,compbench_spatial,224,a bee on the left of a key
3,0,2,6,0,2,7,0,2,0,11,compbench_spatial,225,a cat on the top of a microwave
3,0,2,6,0,2,9,0,2,0,14,compbench_spatial,226,a giraffe on the bottom of a bicycle
3,0,2,6,0,2,7,0,2,0,11,compbench_spatial,227,a balloon on the bottom of a dog
3,0,2,6,0,2,8,0,2,0,12,compbench_spatial,228,a bee on the left of a clock
2,0,0,4,0,0,5,0,0,0,9,compbench_spatial,229,a bird next to a refrigerator
3,0,2,6,0,2,7,0,2,0,11,compbench_spatial,230,a suitcase on the bottom of a turtle
3,0,2,6,0,2,8,0,2,0,13,compbench_spatial,231,a frog on the top of a cup
3,0,2,6,0,2,7,0,2,0,11,compbench_spatial,232,a cat on the right of a table
3,0,2,6,0,2,7,0,2,0,11,compbench_spatial,233,a computer on the bottom of a boy
3,0,2,6,0,2,7,0,2,0,11,compbench_spatial,234,a mouse on the top of a bowl
3,0,2,6,0,2,7,0,2,0,11,compbench_spatial,235,a sheep on the left of a clock
3,0,2,6,0,2,7,0,2,0,11,compbench_spatial,236,a woman on the right of a bowl
3,0,2,6,0,2,7,0,2,0,11,compbench_spatial,237,a wallet on the top of a man
3,0,2,6,0,2,7,0,2,0,11,compbench_spatial,238,a butterfly on the right of a couch
3,0,2,6,0,2,7,0,2,0,11,compbench_spatial,239,a key on the bottom of a horse
3,0,2,6,0,2,7,0,2,0,11,compbench_spatial,240,a turtle on the bottom of a chair
3,0,2,6,0,2,7,0,2,0,11,compbench_spatial,241,a turtle on the bottom of a microwave
3,0,2,6,0,2,7,0,2,0,11,compbench_spatial,242,a boy on the right of a chicken
3,0,2,6,0,2,7,0,2,0,11,compbench_spatial,243,a bicycle on the left of a man
2,0,0,4,0,0,5,0,0,0,9,compbench_spatial,244,a woman next to a airplane
3,0,2,5,0,2,6,0,2,0,10,compbench_spatial,245,a man on side of a candle
3,0,2,6,0,2,7,0,2,0,11,compbench_spatial,246,a woman on the left of a horse
3,0,2,6,0,2,9,0,2,0,14,compbench_spatial,247,a giraffe on the bottom of a bag
3,0,2,5,0,2,6,0,2,0,10,compbench_spatial,248,a person on side of a lamp
3,0,2,6,0,2,7,0,2,0,11,compbench_spatial,249,a plate on the bottom of a man
2,0,0,4,0,0,5,0,0,0,9,compbench_spatial,250,a cow next to a airplane
3,0,2,6,0,2,7,0,2,0,11,compbench_spatial,251,a mouse on the left of a train
3,0,2,6,0,2,7,0,2,0,11,compbench_spatial,252,a cat on the right of a sofa
3,0,2,6,0,2,7,0,2,0,11,compbench_spatial,253,a train on the bottom of a horse
3,0,2,6,0,2,7,0,2,0,11,compbench_spatial,254,a girl on the top of a cow
3,0,2,6,0,2,7,0,2,0,11,compbench_spatial,255,a mouse on the left of a airplane
3,0,2,6,0,2,9,0,2,0,14,compbench_spatial,256,a giraffe on the left of a car
3,0,2,6,0,2,7,0,2,0,11,compbench_spatial,257,a person on the top of a painting
3,0,2,6,0,2,7,0,2,0,11,compbench_spatial,258,a cat on the top of a candle
3,0,2,5,0,2,7,0,2,0,11,compbench_spatial,259,a bee on side of a table
3,0,2,5,0,2,6,0,2,0,10,compbench_spatial,260,a butterfly on side of a desk
3,0,2,5,0,2,6,0,2,0,10,compbench_spatial,261,a bird on side of a key
3,0,2,6,0,2,7,0,2,0,11,compbench_spatial,262,a suitcase on the left of a girl
3,0,2,6,0,2,7,0,2,0,11,compbench_spatial,263,a horse on the top of a man
3,0,2,5,0,2,6,0,2,0,10,compbench_spatial,264,a dog on side of a computer
3,0,2,6,0,2,7,0,2,0,11,compbench_spatial,265,a horse on the bottom of a wallet
2,0,0,4,0,0,5,0,0,0,9,compbench_spatial,266,a fish next to a desk
3,0,2,6,0,2,7,0,2,0,11,compbench_spatial,267,a cat on the left of a lamp
3,0,2,6,0,2,7,0,2,0,11,compbench_spatial,268,a fish on the left of a table
3,0,2,5,0,2,6,0,2,0,10,compbench_spatial,269,a mouse on side of a phone
3,0,2,6,0,2,8,0,2,0,13,compbench_spatial,270,a frog on the left of a table
3,0,2,6,0,2,7,0,2,0,12,compbench_spatial,271,a pig on the right of a vase
3,0,2,6,0,2,7,0,2,0,11,compbench_spatial,272,a dog on the bottom of a train
3,0,2,6,0,2,7,0,2,0,11,compbench_spatial,273,a rabbit on the top of a candle
3,0,2,6,0,2,8,0,2,0,13,compbench_spatial,274,a frog on the left of a phone
3,0,2,6,0,2,7,0,2,0,11,compbench_spatial,275,a mouse on the bottom of a backpack
3,0,2,6,0,2,7,0,2,0,11,compbench_spatial,276,a desk on the top of a cat
2,0,1,4,0,1,5,0,1,0,8,compbench_spatial,277,a cow near a plate
3,0,2,6,0,2,7,0,2,0,11,compbench_spatial,278,a vase on the right of a man
3,0,2,6,0,2,7,0,2,0,11,compbench_spatial,279,a couch on the left of a dog
3,0,2,6,0,2,7,0,2,0,11,compbench_spatial,280,a chicken on the top of a plate
3,0,2,6,0,2,8,0,2,0,13,compbench_spatial,281,a frog on the right of a couch
3,0,2,6,0,2,7,0,2,0,11,compbench_spatial,282,a sheep on the bottom of a painting
3,0,2,6,0,2,7,0,2,0,12,compbench_spatial,283,a boy on the right of a pig
3,0,2,6,0,2,7,0,2,0,12,compbench_spatial,284,a pig on the left of a desk
3,0,2,5,0,2,7,0,2,0,12,compbench_spatial,285,a woman on side of a frog
2,0,1,4,0,1,5,0,1,0,8,compbench_spatial,286,a girl near a book
2,0,0,4,0,0,5,0,0,0,9,compbench_spatial,287,a boy next to a couch
3,0,2,6,0,2,9,0,2,0,14,compbench_spatial,288,a giraffe on the left of a train
3,0,2,6,0,2,7,0,2,0,11,compbench_spatial,289,a book on the top of a woman
3,0,2,6,0,2,7,0,2,0,11,compbench_spatial,290,a car on the right of a man
3,0,2,6,0,2,7,0,2,0,11,compbench_spatial,291,a sheep on the top of a table
3,0,2,6,0,2,9,0,2,0,14,compbench_spatial,292,a giraffe on the right of a bowl
3,0,2,6,0,2,7,0,2,0,11,compbench_spatial,293,a cow on the top of a boy
3,0,2,5,0,2,6,0,2,0,10,compbench_spatial,294,a mouse on side of a bag
3,0,2,5,0,2,6,0,2,0,11,compbench_spatial,295,a pig on side of a phone
3,0,2,6,0,2,7,0,2,0,11,compbench_spatial,296,a book on the left of a bird
3,0,2,6,0,2,7,0,2,0,11,compbench_spatial,297,a man on the bottom of a sofa
3,0,2,6,0,2,7,0,2,0,12,compbench_spatial,298,a painting on the right of a pig
3,0,2,6,0,2,7,0,2,0,12,compbench_spatial,299,a pig on the bottom of a wallet
3,0,2,5,0,2,6,0,2,0,10,compbench_3d_spatial,0,a dog in front of a desk
3,0,2,5,0,2,6,0,2,0,10,compbench_3d_spatial,1,a car in front of a mouse
3,0,2,5,0,2,6,0,2,0,10,compbench_3d_spatial,2,a sheep in front of a key
2,0,1,4,0,1,5,0,1,0,8,compbench_3d_spatial,3,a cat behind a boy
2,0,0,4,0,0,5,0,0,0,9,compbench_3d_spatial,4,a chair hidden by a mouse
2,0,1,4,0,1,5,0,1,0,8,compbench_3d_spatial,5,a girl behind a cow
2,0,1,4,0,1,5,0,1,0,8,compbench_3d_spatial,6,a girl behind a sheep
2,0,0,4,0,0,5,0,0,0,9,compbench_3d_spatial,7,a vase hidden by a candle
3,0,2,5,0,2,6,0,2,0,10,compbench_3d_spatial,8,a chicken in front of a person
3,0,2,5,0,2,6,0,2,0,10,compbench_3d_spatial,9,a cup in front of a turtle
2,0,0,4,0,0,5,0,0,0,9,compbench_3d_spatial,10,a woman hidden by a cow
2,0,0,4,0,0,5,0,0,0,9,compbench_3d_spatial,11,a phone hidden by a man
3,0,2,5,0,2,6,0,2,0,10,compbench_3d_spatial,12,a computer in front of a cow
3,0,2,5,0,2,6,0,2,0,10,compbench_3d_spatial,13,a cat in front of a chair
3,0,2,5,0,2,7,0,2,0,11,compbench_3d_spatial,14,a bee in front of a bowl
2,0,0,4,0,0,5,0,0,0,9,compbench_3d_spatial,15,a mouse hidden by a key
2,0,0,4,0,0,5,0,0,0,9,compbench_3d_spatial,16,a chair hidden by a turtle
2,0,1,4,0,1,7,0,1,0,11,compbench_3d_spatial,17,a giraffe behind a sofa
3,0,2,5,0,2,6,0,2,0,10,compbench_3d_spatial,18,a key in front of a girl
2,0,1,4,0,1,5,0,1,0,8,compbench_3d_spatial,19,a balloon behind a sofa
2,0,0,4,0,0,5,0,0,0,9,compbench_3d_spatial,20,a train hidden by a plate
2,0,0,4,0,0,5,0,0,0,10,compbench_3d_spatial,21,a computer hidden by a pig
2,0,0,4,0,0,5,0,0,0,9,compbench_3d_spatial,22,a backpack hidden by a butterfly
2,0,1,4,0,1,5,0,1,0,8,compbench_3d_spatial,23,a bowl behind a refrigerator
2,0,0,4,0,0,5,0,0,0,9,compbench_3d_spatial,24,a girl hidden by a refrigerator
3,0,2,5,0,2,6,0,2,0,10,compbench_3d_spatial,25,a desk in front of a wallet
2,0,1,4,0,1,5,0,1,0,8,compbench_3d_spatial,26,a bag behind a balloon
2,0,1,4,0,1,5,0,1,0,8,compbench_3d_spatial,27,a painting behind a phone
2,0,0,4,0,0,5,0,0,0,9,compbench_3d_spatial,28,a suitcase hidden by a table
2,0,1,4,0,1,5,0,1,0,8,compbench_3d_spatial,29,a chair behind a girl
2,0,0,4,0,0,5,0,0,0,9,compbench_3d_spatial,30,a plate hidden by a refrigerator
2,0,0,4,0,0,6,0,0,0,10,compbench_3d_spatial,31,a bee hidden by a bowl
3,0,2,5,0,2,6,0,2,0,10,compbench_3d_spatial,32,a backpack in front of a woman
2,0,1,4,0,1,5,0,1,0,8,compbench_3d_spatial,33,a couch behind a backpack
2,0,1,4,0,1,5,0,1,0,8,compbench_3d_spatial,34,a cup behind a bowl
2,0,0,4,0,0,5,0,0,0,9,compbench_3d_spatial,35,a vase hidden by a clock
2,0,0,4,0,0,5,0,0,0,9,compbench_3d_spatial,36,a vase hidden by a airplane
2,0,0,4,0,0,5,0,0,0,9,compbench_3d_spatial,37,a balloon hidden by a sheep
3,0,2,5,0,2,6,0,2,0,10,compbench_3d_spatial,38,a cup in front of a refrigerator
3,0,2,5,0,2,6,0,2,0,10,compbench_3d_spatial,39,a candle in front of a phone
2,0,0,4,0,0,5,0,0,0,9,compbench_3d_spatial,40,a bowl hidden by a painting
2,0,1,4,0,1,5,0,1,0,8,compbench_3d_spatial,41,a clock behind a painting
2,0,0,4,0,0,5,0,0,0,9,compbench_3d_spatial,42,a key hidden by a girl
2,0,0,4,0,0,5,0,0,0,9,compbench_3d_spatial,43,a vase hidden by a book
3,0,2,5,0,2,6,0,2,0,10,compbench_3d_spatial,44,a bowl in front of a cow
3,0,2,5,0,2,6,0,2,0,10,compbench_3d_spatial,45,a mouse in front of a car
2,0,0,4,0,0,5,0,0,0,9,compbench_3d_spatial,46,a horse hidden by a boy
2,0,1,4,0,1,5,0,1,0,8,compbench_3d_spatial,47,a painting behind a boy
2,0,0,4,0,0,5,0,0,0,10,compbench_3d_spatial,48,a pig hidden by a lamp
2,0,0,4,0,0,5,0,0,0,9,compbench_3d_spatial,49,a girl hidden by a bird
2,0,1,4,0,1,5,0,1,0,8,compbench_3d_spatial,50,a balloon behind a boy
2,0,0,4,0,0,5,0,0,0,9,compbench_3d_spatial,51,a chair hidden by a rabbit
2,0,0,4,0,0,6,0,0,0,11,compbench_3d_spatial,52,a frog hidden by a chair
3,0,2,5,0,2,6,0,2,0,10,compbench_3d_spatial,53,a plate in front of a boy
2,0,1,4,0,1,5,0,1,0,8,compbench_3d_spatial,54,a key behind a bicycle
2,0,0,4,0,0,5,0,0,0,9,compbench_3d_spatial,55,a turtle hidden by a boy
2,0,0,4,0,0,5,0,0,0,9,compbench_3d_spatial,56,a television hidden by a chair
2,0,1,4,0,1,5,0,1,0,9,compbench_3d_spatial,57,a pig behind a boy
3,0,2,5,0,2,7,0,2,0,12,compbench_3d_spatial,58,a sheep in front of a frog
3,0,2,5,0,2,6,0,2,0,10,compbench_3d_spatial,59,a mouse in front of a boy
2,0,1,4,0,1,5,0,1,0,8,compbench_3d_spatial,60,a dog behind a bird
3,0,2,5,0,2,8,0,2,0,13,compbench_3d_spatial,61,a airplane in front of a giraffe
2,0,0,4,0,0,5,0,0,0,9,compbench_3d_spatial,62,a lamp hidden by a key
3,0,2,5,0,2,6,0,2,0,10,compbench_3d_spatial,63,a bicycle in front of a butterfly
2,0,1,4,0,1,6,0,1,0,9,compbench_3d_spatial,64,a bee behind a bird
3,0,2,5,0,2,6,0,2,0,10,compbench_3d_spatial,65,a candle in front of a suitcase
3,0,2,5,0,2,6,0,2,0,10,compbench_3d_spatial,66,a horse in front of a fish
3,0,2,5,0,2,6,0,2,0,10,compbench_3d_spatial,67,a sheep in front of a cat
2,0,0,4,0,0,6,0,0,0,11,compbench_3d_spatial,68,a frog hidden by a candle
3,0,2,5,0,2,7,0,2,0,12,compbench_3d_spatial,69,a airplane in front of a frog
2,0,0,4,0,0,5,0,0,0,9,compbench_3d_spatial,70,a computer hidden by a couch
2,0,0,4,0,0,5,0,0,0,9,compbench_3d_spatial,71,a table hidden by a dog
3,0,2,5,0,2,6,0,2,0,10,compbench_3d_spatial,72,a woman in front of a computer
2,0,1,4,0,1,5,0,1,0,8,compbench_3d_spatial,73,a girl behind a chicken
2,0,0,4,0,0,5,0,0,0,9,compbench_3d_spatial,74,a fish hidden by a dog
2,0,0,4,0,0,5,0,0,0,9,compbench_3d_spatial,75,a clock hidden by a train
2,0,0,4,0,0,5,0,0,0,9,compbench_3d_spatial,76,a candle hidden by a bag
2,0,0,4,0,0,6,0,0,0,11,compbench_3d_spatial,77,a bowl hidden by a frog
2,0,0,4,0,0,5,0,0,0,9,compbench_3d_spatial,78,a car hidden by a plate
2,0,1,4,0,1,5,0,1,0,8,compbench_3d_spatial,79,a train behind a chair
2,0,0,4,0,0,5,0,0,0,9,compbench_3d_spatial,80,a dog hidden by a bag
2,0,1,4,0,1,5,0,1,0,8,compbench_3d_spatial,81,a vase behind a television
2,0,0,4,0,0,5,0,0,0,9,compbench_3d_spatial,82,a rabbit hidden by a chicken
3,0,2,5,0,2,6,0,2,0,10,compbench_3d_spatial,83,a airplane in front of a mouse
3,0,2,5,0,2,6,0,2,0,10,compbench_3d_spatial,84,a balloon in front of a clock
2,0,0,4,0,0,6,0,0,0,10,compbench_3d_spatial,85,a train hidden by a bee
2,0,0,4,0,0,5,0,0,0,9,compbench_3d_spatial,86,a girl hidden by a desk
3,0,2,5,0,2,6,0,2,0,10,compbench_3d_spatial,87,a train in front of a boy
3,0,2,5,0,2,6,0,2,0,10,compbench_3d_spatial,88,a table in front of a microwave
3,0,2,5,0,2,7,0,2,0,11,compbench_3d_spatial,89,a chair in front of a bee
3,0,2,5,0,2,6,0,2,0,10,compbench_3d_spatial,90,a chair in front of a candle
2,0,0,4,0,0,5,0,0,0,9,compbench_3d_spatial,91,a sofa hidden by a book
3,0,2,5,0,2,6,0,2,0,10,compbench_3d_spatial,92,a girl in front of a backpack
3,0,2,5,0,2,6,0,2,0,10,compbench_3d_spatial,93,a microwave in front of a butterfly
2,0,0,4,0,0,5,0,0,0,9,compbench_3d_spatial,94,a cow hidden by a phone
2,0,0,4,0,0,5,0,0,0,9,compbench_3d_spatial,95,a person hidden by a book
2,0,0,4,0,0,5,0,0,0,9,compbench_3d_spatial,96,a cat hidden by a rabbit
2,0,1,4,0,1,5,0,1,0,8,compbench_3d_spatial,97,a phone behind a vase
2,0,0,4,0,0,5,0,0,0,9,compbench_3d_spatial,98,a car hidden by a woman
2,0,0,4,0,0,5,0,0,0,9,compbench_3d_spatial,99,a fish hidden by a vase
2,0,1,4,0,1,5,0,1,0,8,compbench_3d_spatial,100,a chicken behind a microwave
2,0,1,4,0,1,5,0,1,0,8,compbench_3d_spatial,101,a candle behind a vase
3,0,2,5,0,2,6,0,2,0,10,compbench_3d_spatial,102,a suitcase in front of a horse
2,0,0,4,0,0,5,0,0,0,9,compbench_3d_spatial,103,a train hidden by a horse
2,0,1,4,0,1,5,0,1,0,8,compbench_3d_spatial,104,a turtle behind a computer
2,0,0,4,0,0,5,0,0,0,9,compbench_3d_spatial,105,a painting hidden by a phone
2,0,0,4,0,0,5,0,0,0,9,compbench_3d_spatial,106,a sheep hidden by a fish
3,0,2,5,0,2,6,0,2,0,10,compbench_3d_spatial,107,a lamp in front of a person
2,0,0,4,0,0,5,0,0,0,9,compbench_3d_spatial,108,a wallet hidden by a butterfly
3,0,2,5,0,2,6,0,2,0,10,compbench_3d_spatial,109,a rabbit in front of a balloon
3,0,2,5,0,2,6,0,2,0,10,compbench_3d_spatial,110,a couch in front of a girl
2,0,1,4,0,1,5,0,1,0,8,compbench_3d_spatial,111,a car behind a clock
2,0,1,4,0,1,5,0,1,0,8,compbench_3d_spatial,112,a computer behind a table
2,0,0,4,0,0,5,0,0,0,9,compbench_3d_spatial,113,a couch hidden by a car
2,0,0,4,0,0,5,0,0,0,9,compbench_3d_spatial,114,a desk hidden by a person
2,0,1,4,0,1,5,0,1,0,8,compbench_3d_spatial,115,a painting behind a balloon
2,0,0,4,0,0,5,0,0,0,9,compbench_3d_spatial,116,a rabbit hidden by a car
2,0,0,4,0,0,5,0,0,0,9,compbench_3d_spatial,117,a table hidden by a sofa
2,0,0,4,0,0,6,0,0,0,11,compbench_3d_spatial,118,a frog hidden by a bicycle
2,0,0,4,0,0,5,0,0,0,9,compbench_3d_spatial,119,a microwave hidden by a sheep
2,0,0,4,0,0,5,0,0,0,9,compbench_3d_spatial,120,a sheep hidden by a refrigerator
3,0,2,5,0,2,6,0,2,0,11,compbench_3d_spatial,121,a cow in front of a pig
3,0,2,5,0,2,6,0,2,0,10,compbench_3d_spatial,122,a computer in front of a dog
3,0,2,5,0,2,6,0,2,0,10,compbench_3d_spatial,123,a wallet in front of a person
2,0,0,4,0,0,5,0,0,0,9,compbench_3d_spatial,124,a dog hidden by a person
2,0,0,4,0,0,6,0,0,0,11,compbench_3d_spatial,125,a phone hidden by a frog
2,0,0,4,0,0,5,0,0,0,9,compbench_3d_spatial,126,a man hidden by a backpack
2,0,1,4,0,1,5,0,1,0,8,compbench_3d_spatial,127,a book behind a woman
2,0,1,4,0,1,5,0,1,0,8,compbench_3d_spatial,128,a cat behind a wallet
2,0,1,4,0,1,5,0,1,0,8,compbench_3d_spatial,129,a couch behind a cow
2,0,0,4,0,0,5,0,0,0,9,compbench_3d_spatial,130,a backpack hidden by a table
3,0,2,5,0,2,6,0,2,0,10,compbench_3d_spatial,131,a chair in front of a sofa
3,0,2,5,0,2,6,0,2,0,10,compbench_3d_spatial,132,a candle in front of a rabbit
3,0,2,5,0,2,6,0,2,0,10,compbench_3d_spatial,133,a television in front of a woman
2,0,1,4,0,1,5,0,1,0,8,compbench_3d_spatial,134,a chair behind a woman
2,0,0,4,0,0,5,0,0,0,9,compbench_3d_spatial,135,a airplane hidden by a vase
2,0,0,4,0,0,7,0,0,0,12,compbench_3d_spatial,136,a lamp hidden by a giraffe
3,0,2,5,0,2,6,0,2,0,10,compbench_3d_spatial,137,a dog in front of a refrigerator
2,0,0,4,0,0,5,0,0,0,9,compbench_3d_spatial,138,a fish hidden by a sofa
2,0,0,4,0,0,5,0,0,0,9,compbench_3d_spatial,139,a balloon hidden by a computer
2,0,0,4,0,0,6,0,0,0,11,compbench_3d_spatial,140,a frog hidden by a lamp
2,0,0,4,0,0,5,0,0,0,9,compbench_3d_spatial,141,a refrigerator hidden by a bag
3,0,2,5,0,2,6,0,2,0,10,compbench_3d_spatial,142,a man in front of a balloon
2,0,0,4,0,0,5,0,0,0,9,compbench_3d_spatial,143,a desk hidden by a cup
3,0,2,5,0,2,6,0,2,0,10,compbench_3d_spatial,144,a bag in front of a microwave
2,0,1,4,0,1,5,0,1,0,8,compbench_3d_spatial,145,a balloon behind a desk
2,0,1,4,0,1,5,0,1,0,8,compbench_3d_spatial,146,a car behind a candle
2,0,1,4,0,1,6,0,1,0,10,compbench_3d_spatial,147,a frog behind a painting
3,0,2,5,0,2,9,0,2,0,14,compbench_3d_spatial,148,a giraffe in front of a bee
3,0,2,5,0,2,6,0,2,0,10,compbench_3d_spatial,149,a woman in front of a car
2,0,0,4,0,0,5,0,0,0,9,compbench_3d_spatial,150,a balloon hidden by a book
2,0,1,4,0,1,5,0,1,0,8,compbench_3d_spatial,151,a desk behind a woman
2,0,1,4,0,1,5,0,1,0,8,compbench_3d_spatial,152,a suitcase behind a car
2,0,0,4,0,0,5,0,0,0,9,compbench_3d_spatial,153,a chicken hidden by a couch
2,0,1,4,0,1,5,0,1,0,8,compbench_3d_spatial,154,a person behind a table
3,0,2,5,0,2,6,0,2,0,10,compbench_3d_spatial,155,a airplane in front of a clock
2,0,1,4,0,1,5,0,1,0,8,compbench_3d_spatial,156,a candle behind a man
2,0,0,4,0,0,5,0,0,0,9,compbench_3d_spatial,157,a desk hidden by a desk
3,0,2,5,0,2,6,0,2,0,10,compbench_3d_spatial,158,a computer in front of a cat
2,0,1,4,0,1,5,0,1,0,8,compbench_3d_spatial,159,a suitcase behind a painting
2,0,1,4,0,1,5,0,1,0,8,compbench_3d_spatial,160,a painting behind a person
2,0,0,4,0,0,5,0,0,0,9,compbench_3d_spatial,161,a airplane hidden by a turtle
3,0,2,5,0,2,6,0,2,0,10,compbench_3d_spatial,162,a chicken in front of a bowl
2,0,1,4,0,1,5,0,1,0,8,compbench_3d_spatial,163,a backpack behind a clock
3,0,2,5,0,2,6,0,2,0,10,compbench_3d_spatial,164,a sofa in front of a computer
3,0,2,5,0,2,6,0,2,0,11,compbench_3d_spatial,165,a couch in front of a pig
2,0,0,4,0,0,5,0,0,0,9,compbench_3d_spatial,166,a lamp hidden by a clock
3,0,2,5,0,2,6,0,2,0,10,compbench_3d_spatial,167,a girl in front of a desk
2,0,1,4,0,1,5,0,1,0,9,compbench_3d_spatial,168,a phone behind a pig
3,0,2,5,0,2,6,0,2,0,10,compbench_3d_spatial,169,a wallet in front of a bowl
3,0,2,5,0,2,7,0,2,0,11,compbench_3d_spatial,170,a bee in front of a balloon
2,0,1,4,0,1,5,0,1,0,8,compbench_3d_spatial,171,a bag behind a person
3,0,2,5,0,2,6,0,2,0,10,compbench_3d_spatial,172,a woman in front of a butterfly
3,0,2,5,0,2,6,0,2,0,10,compbench_3d_spatial,173,a cow in front of a book
3,0,2,5,0,2,6,0,2,0,10,compbench_3d_spatial,174,a chair in front of a rabbit
2,0,0,4,0,0,5,0,0,0,10,compbench_3d_spatial,175,a pig hidden by a girl
2,0,1,4,0,1,5,0,1,0,8,compbench_3d_spatial,176,a chicken behind a person
2,0,0,4,0,0,5,0,0,0,9,compbench_3d_spatial,177,a plate hidden by a car
3,0,2,5,0,2,6,0,2,0,10,compbench_3d_spatial,178,a sofa in front of a chicken
2,0,1,4,0,1,6,0,1,0,9,compbench_3d_spatial,179,a plate behind a bee
2,0,0,4,0,0,5,0,0,0,9,compbench_3d_spatial,180,a boy hidden by a plate
2,0,1,4,0,1,5,0,1,0,8,compbench_3d_spatial,181,a car behind a suitcase
2,0,1,4,0,1,5,0,1,0,8,compbench_3d_spatial,182,a suitcase behind a bicycle
3,0,2,5,0,2,7,0,2,0,11,compbench_3d_spatial,183,a cat in front of a bee
2,0,1,4,0,1,5,0,1,0,8,compbench_3d_spatial,184,a cat behind a chicken
3,0,2,5,0,2,6,0,2,0,10,compbench_3d_spatial,185,a sofa in front of a couch
2,0,0,4,0,0,5,0,0,0,9,compbench_3d_spatial,186,a fish hidden by a bicycle
2,0,1,4,0,1,5,0,1,0,8,compbench_3d_spatial,187,a chair behind a desk
2,0,0,4,0,0,5,0,0,0,9,compbench_3d_spatial,188,a backpack hidden by a book
3,0,2,5,0,2,6,0,2,0,10,compbench_3d_spatial,189,a man in front of a backpack
2,0,0,4,0,0,5,0,0,0,9,compbench_3d_spatial,190,a chicken hidden by a chicken
2,0,1,4,0,1,5,0,1,0,9,compbench_3d_spatial,191,a pig behind a car
2,0,0,4,0,0,5,0,0,0,9,compbench_3d_spatial,192,a plate hidden by a person
2,0,0,4,0,0,5,0,0,0,9,compbench_3d_spatial,193,a refrigerator hidden by a book
2,0,0,4,0,0,5,0,0,0,9,compbench_3d_spatial,194,a lamp hidden by a chair
3,0,2,5,0,2,6,0,2,0,10,compbench_3d_spatial,195,a chair in front of a table
3,0,2,5,0,2,8,0,2,0,13,compbench_3d_spatial,196,a giraffe in front of a wallet
2,0,0,4,0,0,5,0,0,0,9,compbench_3d_spatial,197,a horse hidden by a bicycle
3,0,2,5,0,2,6,0,2,0,10,compbench_3d_spatial,198,a chicken in front of a bird
3,0,2,5,0,2,6,0,2,0,10,compbench_3d_spatial,199,a bird in front of a balloon
2,0,0,4,0,0,5,0,0,0,9,compbench_3d_spatial,200,a bicycle hidden by a microwave
2,0,0,4,0,0,5,0,0,0,10,compbench_3d_spatial,201,a turtle hidden by a pig
2,0,0,4,0,0,5,0,0,0,9,compbench_3d_spatial,202,a sofa hidden by a cow
3,0,2,5,0,2,6,0,2,0,10,compbench_3d_spatial,203,a vase in front of a butterfly
3,0,2,5,0,2,6,0,2,0,10,compbench_3d_spatial,204,a bicycle in front of a turtle
2,0,1,4,0,1,5,0,1,0,8,compbench_3d_spatial,205,a backpack behind a mouse
2,0,1,4,0,1,5,0,1,0,8,compbench_3d_spatial,206,a lamp behind a chair
2,0,0,4,0,0,5,0,0,0,9,compbench_3d_spatial,207,a clock hidden by a candle
2,0,1,4,0,1,5,0,1,0,8,compbench_3d_spatial,208,a car behind a table
2,0,1,4,0,1,5,0,1,0,8,compbench_3d_spatial,209,a sofa behind a backpack
2,0,1,4,0,1,5,0,1,0,8,compbench_3d_spatial,210,a phone behind a plate
2,0,1,4,0,1,5,0,1,0,8,compbench_3d_spatial,211,a phone behind a fish
2,0,1,4,0,1,5,0,1,0,8,compbench_3d_spatial,212,a table behind a butterfly
2,0,0,4,0,0,5,0,0,0,9,compbench_3d_spatial,213,a cat hidden by a dog
2,0,0,4,0,0,5,0,0,0,9,compbench_3d_spatial,214,a man hidden by a computer
2,0,0,4,0,0,5,0,0,0,9,compbench_3d_spatial,215,a key hidden by a wallet
3,0,2,5,0,2,6,0,2,0,10,compbench_3d_spatial,216,a candle in front of a bag
3,0,2,5,0,2,6,0,2,0,10,compbench_3d_spatial,217,a boy in front of a cup
2,0,1,4,0,1,5,0,1,0,8,compbench_3d_spatial,218,a chicken behind a clock
3,0,2,5,0,2,6,0,2,0,10,compbench_3d_spatial,219,a computer in front of a microwave
2,0,0,4,0,0,5,0,0,0,9,compbench_3d_spatial,220,a vase hidden by a bicycle
3,0,2,5,0,2,6,0,2,0,10,compbench_3d_spatial,221,a mouse in front of a microwave
2,0,0,4,0,0,5,0,0,0,9,compbench_3d_spatial,222,a bag hidden by a airplane
3,0,2,5,0,2,6,0,2,0,10,compbench_3d_spatial,223,a computer in front of a phone
2,0,1,4,0,1,7,0,1,0,11,compbench_3d_spatial,224,a chair behind a giraffe
3,0,2,5,0,2,6,0,2,0,10,compbench_3d_spatial,225,a horse in front of a table
2,0,1,4,0,1,6,0,1,0,10,compbench_3d_spatial,226,a frog behind a rabbit
2,0,0,4,0,0,5,0,0,0,9,compbench_3d_spatial,227,a turtle hidden by a bowl
2,0,1,4,0,1,5,0,1,0,8,compbench_3d_spatial,228,a plate behind a girl
2,0,1,4,0,1,5,0,1,0,8,compbench_3d_spatial,229,a rabbit behind a bag
3,0,2,5,0,2,7,0,2,0,13,compbench_3d_spatial,230,a pig in front of a frog
3,0,2,5,0,2,6,0,2,0,10,compbench_3d_spatial,231,a couch in front of a phone
3,0,2,5,0,2,7,0,2,0,11,compbench_3d_spatial,232,a bee in front of a lamp
2,0,0,4,0,0,7,0,0,0,12,compbench_3d_spatial,233,a bag hidden by a giraffe
3,0,2,5,0,2,6,0,2,0,10,compbench_3d_spatial,234,a turtle in front of a book
3,0,2,5,0,2,6,0,2,0,10,compbench_3d_spatial,235,a balloon in front of a man
2,0,0,4,0,0,5,0,0,0,9,compbench_3d_spatial,236,a bag hidden by a girl
2,0,0,4,0,0,5,0,0,0,10,compbench_3d_spatial,237,a pig hidden by a chicken
2,0,0,4,0,0,5,0,0,0,9,compbench_3d_spatial,238,a dog hidden by a vase
2,0,0,4,0,0,5,0,0,0,9,compbench_3d_spatial,239,a mouse hidden by a microwave
3,0,2,5,0,2,6,0,2,0,10,compbench_3d_spatial,240,a television in front of a sofa
3,0,2,5,0,2,6,0,2,0,10,compbench_3d_spatial,241,a phone in front of a phone
2,0,0,4,0,0,5,0,0,0,9,compbench_3d_spatial,242,a mouse hidden by a horse
3,0,2,5,0,2,6,0,2,0,10,compbench_3d_spatial,243,a horse in front of a book
2,0,0,4,0,0,5,0,0,0,9,compbench_3d_spatial,244,a girl hidden by a table
3,0,2,5,0,2,6,0,2,0,10,compbench_3d_spatial,245,a chicken in front of a painting
3,0,2,5,0,2,6,0,2,0,10,compbench_3d_spatial,246,a cow in front of a person
2,0,0,4,0,0,5,0,0,0,9,compbench_3d_spatial,247,a airplane hidden by a man
3,0,2,5,0,2,6,0,2,0,10,compbench_3d_spatial,248,a plate in front of a suitcase
2,0,1,4,0,1,5,0,1,0,8,compbench_3d_spatial,249,a candle behind a candle
2,0,0,4,0,0,5,0,0,0,9,compbench_3d_spatial,250,a dog hidden by a television
2,0,0,4,0,0,5,0,0,0,9,compbench_3d_spatial,251,a lamp hidden by a microwave
3,0,2,5,0,2,7,0,2,0,12,compbench_3d_spatial,252,a frog in front of a horse
2,0,1,4,0,1,6,0,1,0,10,compbench_3d_spatial,253,a frog behind a cow
3,0,2,5,0,2,6,0,2,0,10,compbench_3d_spatial,254,a chair in front of a computer
2,0,1,4,0,1,5,0,1,0,8,compbench_3d_spatial,255,a lamp behind a woman
2,0,0,4,0,0,5,0,0,0,9,compbench_3d_spatial,256,a table hidden by a wallet
2,0,0,4,0,0,5,0,0,0,10,compbench_3d_spatial,257,a pig hidden by a clock
2,0,1,4,0,1,5,0,1,0,9,compbench_3d_spatial,258,a turtle behind a pig
3,0,2,5,0,2,7,0,2,0,11,compbench_3d_spatial,259,a desk in front of a bee
2,0,1,4,0,1,5,0,1,0,8,compbench_3d_spatial,260,a man behind a bag
2,0,1,4,0,1,5,0,1,0,8,compbench_3d_spatial,261,a man behind a sofa
2,0,1,4,0,1,7,0,1,0,11,compbench_3d_spatial,262,a giraffe behind a vase
3,0,2,5,0,2,7,0,2,0,11,compbench_3d_spatial,263,a couch in front of a bee
2,0,1,4,0,1,5,0,1,0,8,compbench_3d_spatial,264,a fish behind a clock
3,0,2,5,0,2,6,0,2,0,10,compbench_3d_spatial,265,a dog in front of a couch
2,0,0,4,0,0,5,0,0,0,9,compbench_3d_spatial,266,a airplane hidden by a bag
2,0,1,4,0,1,5,0,1,0,9,compbench_3d_spatial,267,a pig behind a chair
2,0,0,4,0,0,5,0,0,0,9,compbench_3d_spatial,268,a lamp hidden by a boy
2,0,1,4,0,1,5,0,1,0,8,compbench_3d_spatial,269,a sheep behind a plate
3,0,2,5,0,2,6,0,2,0,10,compbench_3d_spatial,270,a balloon in front of a person
2,0,0,4,0,0,6,0,0,0,11,compbench_3d_spatial,271,a dog hidden by a frog
2,0,0,4,0,0,5,0,0,0,9,compbench_3d_spatial,272,a boy hidden by a desk
2,0,1,4,0,1,5,0,1,0,8,compbench_3d_spatial,273,a plate behind a person
2,0,0,4,0,0,5,0,0,0,9,compbench_3d_spatial,274,a girl hidden by a horse
2,0,1,4,0,1,5,0,1,0,8,compbench_3d_spatial,275,a computer behind a wallet
2,0,0,4,0,0,5,0,0,0,9,compbench_3d_spatial,276,a cup hidden by a boy
2,0,0,4,0,0,5,0,0,0,9,compbench_3d_spatial,277,a car hidden by a suitcase
3,0,2,5,0,2,6,0,2,0,10,compbench_3d_spatial,278,a computer in front of a clock
2,0,0,4,0,0,5,0,0,0,9,compbench_3d_spatial,279,a mouse hidden by a dog
2,0,1,4,0,1,5,0,1,0,8,compbench_3d_spatial,280,a couch behind a person
2,0,1,4,0,1,5,0,1,0,8,compbench_3d_spatial,281,a sheep behind a phone
3,0,2,5,0,2,6,0,2,0,10,compbench_3d_spatial,282,a sheep in front of a horse
2,0,1,4,0,1,5,0,1,0,8,compbench_3d_spatial,283,a bicycle behind a butterfly
2,0,0,4,0,0,5,0,0,0,9,compbench_3d_spatial,284,a clock hidden by a sheep
3,0,2,5,0,2,6,0,2,0,11,compbench_3d_spatial,285,a pig in front of a television
2,0,0,4,0,0,5,0,0,0,9,compbench_3d_spatial,286,a boy hidden by a horse
2,0,1,4,0,1,5,0,1,0,8,compbench_3d_spatial,287,a key behind a candle
2,0,1,4,0,1,5,0,1,0,8,compbench_3d_spatial,288,a bird behind a rabbit
3,0,2,5,0,2,6,0,2,0,10,compbench_3d_spatial,289,a mouse in front of a sofa
3,0,2,5,0,2,6,0,2,0,10,compbench_3d_spatial,290,a rabbit in front of a sofa
2,0,1,4,0,1,5,0,1,0,8,compbench_3d_spatial,291,a cup behind a cat
2,0,0,4,0,0,6,0,0,0,10,compbench_3d_spatial,292,a mouse hidden by a bee
2,0,1,4,0,1,5,0,1,0,8,compbench_3d_spatial,293,a cup behind a desk
3,0,2,5,0,2,6,0,2,0,10,compbench_3d_spatial,294,a bird in front of a turtle
3,0,2,5,0,2,8,0,2,0,13,compbench_3d_spatial,295,a giraffe in front of a clock
3,0,2,5,0,2,6,0,2,0,10,compbench_3d_spatial,296,a book in front of a candle
3,0,2,5,0,2,6,0,2,0,11,compbench_3d_spatial,297,a painting in front of a pig
2,0,1,4,0,1,5,0,1,0,8,compbench_3d_spatial,298,a bird behind a car
3,0,2,5,0,2,6,0,2,0,10,compbench_3d_spatial,299,a fish in front of a book
1,1,0,2,1,0,2,1,0,0,3,compbench_numeracy,0,two boys
1,1,0,2,1,0,3,1,0,0,4,compbench_numeracy,1,six airplanes
1,1,0,2,1,0,3,1,0,0,4,compbench_numeracy,2,five drums
1,1,0,2,1,0,2,1,0,0,3,compbench_numeracy,3,one turtle
1,1,0,2,1,0,2,1,0,0,3,compbench_numeracy,4,seven women
1,1,0,2,1,0,2,1,0,0,3,compbench_numeracy,5,eight cars
1,1,0,2,1,0,3,1,0,0,4,compbench_numeracy,6,two rabbits
1,1,0,2,1,0,2,1,0,0,3,compbench_numeracy,7,six girls
1,1,0,2,1,0,2,1,0,0,3,compbench_numeracy,8,one vase
1,1,0,2,1,0,2,1,0,0,3,compbench_numeracy,9,eight bottles
1,1,0,2,1,0,4,1,0,0,6,compbench_numeracy,10,three swans
1,1,0,2,1,0,2,1,0,0,3,compbench_numeracy,11,three fish
1,1,0,2,1,0,2,1,0,0,3,compbench_numeracy,12,four ships
1,1,0,2,1,0,2,1,0,0,3,compbench_numeracy,13,six toys
1,1,0,2,1,0,2,1,0,0,3,compbench_numeracy,14,one drum
1,1,0,2,1,0,4,1,0,0,6,compbench_numeracy,15,five frogs
1,1,0,2,1,0,3,1,0,0,4,compbench_numeracy,16,seven drums
1,1,0,2,1,0,2,1,0,0,3,compbench_numeracy,17,seven computers
1,1,0,2,1,0,2,1,0,0,3,compbench_numeracy,18,seven shrimp
1,1,0,2,1,0,2,1,0,0,3,compbench_numeracy,19,two dogs
1,1,0,2,1,0,3,1,0,0,4,compbench_numeracy,20,four helicopters
1,1,0,2,1,0,3,1,0,0,4,compbench_numeracy,21,seven refrigerators
1,1,0,2,1,0,2,1,0,0,4,compbench_numeracy,22,one pig
1,1,0,2,1,0,3,1,0,0,4,compbench_numeracy,23,six breads
1,1,0,2,1,0,2,1,0,0,3,compbench_numeracy,24,five knives
1,1,0,2,1,0,2,1,0,0,3,compbench_numeracy,25,one knife
1,1,0,2,1,0,2,1,0,0,3,compbench_numeracy,26,one refrigerator
1,1,0,2,1,0,3,1,0,0,4,compbench_numeracy,27,two clocks
1,1,0,2,1,0,3,1,0,0,4,compbench_numeracy,28,five televisions
1,1,0,2,1,0,2,1,0,0,3,compbench_numeracy,29,four boys
1,1,0,2,1,0,3,1,0,0,4,compbench_numeracy,30,four goldfish
1,1,0,2,1,0,2,1,0,0,3,compbench_numeracy,31,six trucks
1,1,0,2,1,0,2,1,0,0,3,compbench_numeracy,32,five tables
1,1,0,2,1,0,2,1,0,0,3,compbench_numeracy,33,five toys
1,1,0,2,1,0,3,1,0,0,4,compbench_numeracy,34,four microwaves
1,1,0,2,1,0,3,1,0,0,4,compbench_numeracy,35,seven balloons
1,1,0,2,1,0,2,1,0,0,3,compbench_numeracy,36,three pillows
1,1,0,2,1,0,3,1,0,0,4,compbench_numeracy,37,six televisions
1,1,0,2,1,0,2,1,0,0,3,compbench_numeracy,38,seven lamps
1,1,0,2,1,0,2,1,0,0,3,compbench_numeracy,39,seven cups
1,1,0,2,1,0,4,1,0,0,5,compbench_numeracy,40,five kites
1,1,0,2,1,0,3,1,0,0,4,compbench_numeracy,41,two ducks
1,1,0,2,1,0,2,1,0,0,3,compbench_numeracy,42,five candles
1,1,0,2,1,0,4,1,0,0,6,compbench_numeracy,43,two swans
1,1,0,2,1,0,2,1,0,0,3,compbench_numeracy,44,one lemon
1,1,0,2,1,0,2,1,0,0,3,compbench_numeracy,45,four candles
1,1,0,2,1,0,3,1,0,0,4,compbench_numeracy,46,three microwaves
1,1,0,2,1,0,2,1,0,0,3,compbench_numeracy,47,seven trains
1,1,0,2,1,0,2,1,0,0,3,compbench_numeracy,48,two trains
1,1,0,2,1,0,3,1,0,0,4,compbench_numeracy,49,four refrigerators
1,1,0,2,1,0,4,1,0,0,6,compbench_numeracy,50,four frogs
1,1,0,2,1,0,2,1,0,0,3,compbench_numeracy,51,one backpack
1,1,0,2,1,0,2,1,0,0,4,compbench_numeracy,52,six vases
1,1,0,2,1,0,3,1,0,0,5,compbench_numeracy,53,four pigs
1,1,0,2,1,0,2,1,0,0,3,compbench_numeracy,54,six keys
1,1,0,2,1,0,2,1,0,0,3,compbench_numeracy,55,three boys
1,1,0,2,1,0,3,1,0,0,4,compbench_numeracy,56,seven printers
1,1,0,2,1,0,3,1,0,0,4,compbench_numeracy,57,six ducks
1,1,0,2,1,0,3,1,0,0,4,compbench_numeracy,58,seven desks
1,1,0,2,1,0,3,1,0,0,4,compbench_numeracy,59,two printers
1,1,0,2,1,0,2,1,0,0,3,compbench_numeracy,60,six horses
1,1,0,2,1,0,4,1,0,0,5,compbench_numeracy,61,seven camels
1,1,0,2,1,0,2,1,0,0,3,compbench_numeracy,62,six boys
1,1,0,2,1,0,3,1,0,0,4,compbench_numeracy,63,eight peaches
1,1,0,2,1,0,3,1,0,0,4,compbench_numeracy,64,three cows
1,1,0,2,1,0,2,1,0,0,3,compbench_numeracy,65,one bowl
1,1,0,2,1,0,3,1,0,0,4,compbench_numeracy,66,five balloons
1,1,0,2,1,0,2,1,0,0,3,compbench_numeracy,67,three bottles
1,1,0,2,1,0,2,1,0,0,3,compbench_numeracy,68,six sheep
1,1,0,2,1,0,2,1,0,0,4,compbench_numeracy,69,four pens
1,1,0,2,1,0,3,1,0,0,4,compbench_numeracy,70,eight rabbits
1,1,0,2,1,0,2,1,0,0,3,compbench_numeracy,71,five books
2,1,1,4,1,2,4,1,2,0,8,compbench_numeracy,72,four apples were picked from the tree
2,1,1,4,1,1,4,1,1,0,8,compbench_numeracy,73,three apples rolled off the counter
2,1,1,4,1,2,5,1,4,0,10,compbench_numeracy,74,three clocks ticked on the wall
2,1,0,4,1,0,5,1,0,0,10,compbench_numeracy,75,four ducks quacked by the pond
2,1,1,4,1,2,6,1,4,0,12,compbench_numeracy,76,seven frogs leaped into the water
2,1,1,4,1,2,5,1,4,0,10,compbench_numeracy,77,five hamburgers sizzled on the grill
2,1,1,4,1,2,4,1,2,0,9,compbench_numeracy,78,six people gathered for a picnic
2,1,1,4,1,2,4,1,3,0,8,compbench_numeracy,79,three butterflies danced in the garden
2,1,0,4,1,0,4,1,0,0,7,compbench_numeracy,80,five trains passed by the station
3,1,2,5,1,3,6,1,2,0,9,compbench_numeracy,81,two drums added rhythm to the music
2,2,1,4,2,1,4,2,2,0,7,compbench_numeracy,82,two trucks unloaded their cargo
2,1,1,5,1,1,7,1,1,0,10,compbench_numeracy,83,six fish swam in the aquarium
1,1,0,2,1,0,2,1,0,0,9,compbench_numeracy,84,seven strawberries were ripe for picking
2,1,1,4,1,2,4,1,4,0,10,compbench_numeracy,85,five sheep grazed in the pasture
2,1,1,4,1,2,4,1,3,0,8,compbench_numeracy,86,eight cats lounged in the sun
2,1,1,4,1,2,5,1,3,0,9,compbench_numeracy,87,four balloons floated in the sky
2,2,1,4,2,1,5,2,1,0,7,compbench_numeracy,88,eight sofas provided comfortable seating
2,1,1,4,1,2,4,1,2,0,7,compbench_numeracy,89,two cars stuck on the road
2,2,0,4,2,0,4,2,0,0,6,compbench_numeracy,90,four cameras and three horses
2,2,0,4,2,0,5,2,0,0,7,compbench_numeracy,91,one pear and three knives
2,2,0,4,2,0,4,2,0,0,6,compbench_numeracy,92,three lamps and two trains
2,2,0,4,2,0,4,2,0,0,6,compbench_numeracy,93,three plates and three computers
2,2,0,4,2,0,6,2,0,0,8,compbench_numeracy,94,three deer and four bowls
2,2,0,4,2,0,4,2,0,0,6,compbench_numeracy,95,three pillows and three cameras
2,2,0,4,2,0,4,2,0,0,6,compbench_numeracy,96,three paintings and one knife
2,2,0,4,2,0,6,2,0,0,8,compbench_numeracy,97,two bees and two lamps
2,2,0,4,2,0,6,2,0,0,9,compbench_numeracy,98,one knife and two swans
2,2,0,4,2,0,4,2,0,0,6,compbench_numeracy,99,one fish and one lamp
2,2,0,4,2,0,5,2,0,0,7,compbench_numeracy,100,two toys and three refrigerators
2,2,0,4,2,0,5,2,0,0,7,compbench_numeracy,101,one stool and four sinks
2,2,0,4,2,0,4,2,0,0,6,compbench_numeracy,102,two plates and three mice
2,2,0,4,2,0,4,2,0,0,6,compbench_numeracy,103,three books and four cakes
2,2,0,4,2,0,5,2,0,0,7,compbench_numeracy,104,four chickens and four horses
2,2,0,4,2,0,4,2,0,0,6,compbench_numeracy,105,two pillows and one microphone
2,2,0,4,2,0,4,2,0,0,6,compbench_numeracy,106,four candles and four butterflies
2,2,0,4,2,0,4,2,0,0,6,compbench_numeracy,107,one turtle and one candle
2,2,0,4,2,0,5,2,0,0,7,compbench_numeracy,108,four chickens and three keys
2,2,0,4,2,0,4,2,0,0,6,compbench_numeracy,109,one guitar and four candles
2,2,0,4,2,0,7,2,0,0,10,compbench_numeracy,110,four swans and two suitcases
2,2,0,4,2,0,4,2,0,0,6,compbench_numeracy,111,two boats and four cakes
2,2,0,4,2,0,4,2,0,0,6,compbench_numeracy,112,two toys and one helicopter
2,2,0,4,2,0,7,2,0,0,9,compbench_numeracy,113,four chickens and two bees
2,2,0,4,2,0,4,2,0,0,6,compbench_numeracy,114,four cups and three ships
2,2,0,4,2,0,5,2,0,0,8,compbench_numeracy,115,four pigs and three plates
2,2,0,4,2,0,5,2,0,0,7,compbench_numeracy,116,three peaches and two cups
2,2,0,4,2,0,6,2,0,0,8,compbench_numeracy,117,two sofas and four chickens
2,2,0,4,2,0,5,2,0,0,7,compbench_numeracy,118,two printers and one computer
2,2,0,4,2,0,5,2,0,0,7,compbench_numeracy,119,three guitars and two pillows
2,2,0,4,2,0,5,2,0,0,7,compbench_numeracy,120,three drums and four men
2,2,0,4,2,0,5,2,0,0,7,compbench_numeracy,121,four paddles and two plates
2,2,0,4,2,0,5,2,0,0,8,compbench_numeracy,122,three pears and two bananas
2,2,0,4,2,0,5,2,0,0,7,compbench_numeracy,123,one dog and two sofas
2,2,0,4,2,0,4,2,0,0,6,compbench_numeracy,124,four boys and three phones
2,2,0,4,2,0,5,2,0,0,7,compbench_numeracy,125,two fish and two microphones
2,2,0,4,2,0,4,2,0,0,6,compbench_numeracy,126,four people and one phone
2,2,0,4,2,0,5,2,0,0,7,compbench_numeracy,127,two deer and four men
2,2,0,4,2,0,6,2,0,0,8,compbench_numeracy,128,four sinks and two tents
2,2,0,4,2,0,6,2,0,0,8,compbench_numeracy,129,three refrigerators and two rabbits
2,2,0,4,2,0,6,2,0,0,9,compbench_numeracy,130,two swans and one bottle
2,2,0,4,2,0,4,2,0,0,6,compbench_numeracy,131,one cat and one book
2,2,0,4,2,0,4,2,0,0,6,compbench_numeracy,132,one tent and three fish
2,2,0,4,2,0,5,2,0,0,7,compbench_numeracy,133,one bread and two bowls
2,2,0,4,2,0,4,2,0,0,6,compbench_numeracy,134,four cats and three fish
2,2,0,4,2,0,4,2,0,0,6,compbench_numeracy,135,two pillows and one lemon
2,2,0,4,2,0,5,2,0,0,7,compbench_numeracy,136,one paddle and three goldfish
2,2,0,4,2,0,4,2,0,0,6,compbench_numeracy,137,one boat and four fish
2,2,0,4,2,0,6,2,0,0,8,compbench_numeracy,138,one bee and three bowls
2,2,0,4,2,0,5,2,0,0,7,compbench_numeracy,139,two sinks and two cups
2,2,0,4,2,0,4,2,0,0,6,compbench_numeracy,140,one bicycle and one banana
2,2,0,4,2,0,4,2,0,0,7,compbench_numeracy,141,three pens and one plate
2,2,0,4,2,0,4,2,0,0,6,compbench_numeracy,142,four bags and three books
2,2,0,4,2,0,5,2,0,0,8,compbench_numeracy,143,three pigs and two tables
2,2,0,4,2,0,4,2,0,0,6,compbench_numeracy,144,two chairs and four sheep
2,2,0,4,2,0,4,2,0,0,6,compbench_numeracy,145,one tent and two computers
2,2,0,4,2,0,5,2,0,0,7,compbench_numeracy,146,three bowls and three couches
2,2,0,4,2,0,4,2,0,0,6,compbench_numeracy,147,four mice and two bags
2,2,0,4,2,0,4,2,0,0,6,compbench_numeracy,148,one stool and three books
2,2,0,4,2,0,5,2,0,0,7,compbench_numeracy,149,two sinks and one helicopter
2,2,0,4,2,0,6,2,0,0,8,compbench_numeracy,150,four printers and four chickens
2,2,0,4,2,0,5,2,0,0,7,compbench_numeracy,151,two men and four deer
2,2,0,4,2,0,5,2,0,0,7,compbench_numeracy,152,three tables and two rabbits
2,2,0,4,2,0,4,2,0,0,6,compbench_numeracy,153,one person and three cats
2,2,0,4,2,0,5,2,0,0,7,compbench_numeracy,154,four clocks and one phone
2,2,0,4,2,0,4,2,0,0,6,compbench_numeracy,155,four lamps and four dogs
2,2,0,4,2,0,4,2,0,0,7,compbench_numeracy,156,three tomatoes and three pens
2,2,0,4,2,0,4,2,0,0,6,compbench_numeracy,157,three tables and two birds
2,2,0,4,2,0,4,2,0,0,6,compbench_numeracy,158,three computers and four bottles
2,2,0,4,2,0,5,2,0,0,7,compbench_numeracy,159,one train and three bicycles
2,2,0,4,2,0,6,2,0,0,8,compbench_numeracy,160,three rabbits and three bicycles
2,2,0,4,2,0,5,2,0,0,8,compbench_numeracy,161,three stools and three bears
3,2,1,6,2,1,6,2,2,0,10,compbench_numeracy,162,two tables and three lamps illuminated the room
3,2,1,6,2,2,6,2,3,0,12,compbench_numeracy,163,four ships and four horses sailed into the sunset
3,2,1,6,2,2,6,2,2,0,11,compbench_numeracy,164,two men and one pig played in the yard
2,2,1,4,2,2,5,2,4,0,10,compbench_numeracy,165,three helicopters buzzed over two pillows
4,2,2,7,2,3,11,2,2,0,17,compbench_numeracy,166,four chairs and one giraffe provided seating at the zoo
2,2,1,5,2,1,6,2,2,0,9,compbench_numeracy,167,one kite flew alongside three strawberries
2,1,1,4,1,1,6,1,1,0,10,compbench_numeracy,168,three camels shared a burger
2,2,1,4,2,2,6,2,4,0,11,compbench_numeracy,169,three clocks ticked near two microwaves
3,2,1,6,2,2,7,2,3,0,13,compbench_numeracy,170,one helmet and two airplanes soared through the sky
2,2,1,4,2,2,5,2,2,0,9,compbench_numeracy,171,three desks were covered with two butterflies
2,2,1,4,2,1,4,2,2,0,7,compbench_numeracy,172,three strawberries attracted four fish
2,2,1,4,2,2,5,2,3,0,11,compbench_numeracy,173,three ships sailed alongside one swan
2,2,1,4,2,2,5,2,3,0,9,compbench_numeracy,174,two balloons floated with four mice
2,2,1,4,2,2,5,2,2,0,8,compbench_numeracy,175,three helicopters cooked with one microwave
3,2,1,6,2,2,7,2,2,0,13,compbench_numeracy,176,three lemons and one banana were used for a recipe
2,2,1,4,2,2,4,2,2,0,7,compbench_numeracy,177,four dogs played with two toys
2,2,1,4,2,1,4,2,1,0,6,compbench_numeracy,178,four trains carried four people
2,2,1,4,2,2,6,2,2,0,11,compbench_numeracy,179,one frog jumped near three suitcases
5,5,0,10,5,0,11,5,0,0,16,compbench_numeracy,180,"three couches, two keys, two women, four rabbits and one bowl"
5,5,0,10,5,0,10,5,0,0,15,compbench_numeracy,181,"one bread, four fish, one computer, two bags and one bicycle"
3,3,0,6,3,0,7,3,0,0,10,compbench_numeracy,182,"one bicycle, four apples and four chickens"
5,5,0,10,5,0,12,5,0,0,18,compbench_numeracy,183,"three chickens, three pens, one lemon, two tents and two birds"
4,4,0,8,4,0,11,4,0,0,15,compbench_numeracy,184,"four shrimp, three microwaves, four helicopters and one bee"
4,4,0,8,4,0,9,4,0,0,13,compbench_numeracy,185,"three helmets, one boat, one hamburger and one camera"
4,4,0,8,4,0,10,4,0,0,14,compbench_numeracy,186,"one egg, three camels, four cars and four pillows"
5,5,0,10,5,0,12,5,0,0,17,compbench_numeracy,187,"two books, two trains, four men, three bears and four hamburgers"
4,4,0,8,4,0,10,4,0,0,14,compbench_numeracy,188,"four drums, three cakes, three dogs and two helmets"
5,5,0,10,5,0,12,5,0,0,17,compbench_numeracy,189,"two fish, three desks, three horses, two couches and four ducks"
3,3,0,6,3,0,7,3,0,0,11,compbench_numeracy,190,"four tents, two boats and one pig"
5,5,0,10,5,0,12,5,0,0,17,compbench_numeracy,191,"three fish, three peaches, three couches, three desks and one sofa"
5,5,0,10,5,0,15,5,0,0,22,compbench_numeracy,192,"three bicycles, two frogs, two keys, two helmets and two pigs"
3,3,0,6,3,0,6,3,0,0,9,compbench_numeracy,193,"two candles, two people and two dogs"
3,3,0,6,3,0,7,3,0,0,10,compbench_numeracy,194,"four keys, three helmets and four lamps"
4,4,0,8,4,0,10,4,0,0,15,compbench_numeracy,195,"four sinks, three backpacks, two cups and two pears"
4,4,0,8,4,0,9,4,0,0,13,compbench_numeracy,196,"one bottle, one girl, one desk and two bananas"
3,3,0,6,3,0,8,3,0,0,11,compbench_numeracy,197,"one lamp, three bananas and three chickens"
4,4,0,8,4,0,9,4,0,0,13,compbench_numeracy,198,"three candles, one cup, one goldfish and two cameras"
5,5,0,10,5,0,11,5,0,0,16,compbench_numeracy,199,"three strawberries, three cups, one mouse, two girls and three sofas"
4,4,0,8,4,0,8,4,0,0,12,compbench_numeracy,200,"four couches, four shrimp, one cup and one candle"
5,5,0,10,5,0,11,5,0,0,17,compbench_numeracy,201,"three stools, three flags, three tables, four boats and four pillows"
3,3,0,6,3,0,6,3,0,0,9,compbench_numeracy,202,"one pen, one table and one truck"
5,5,0,10,5,0,13,5,0,0,18,compbench_numeracy,203,"three chickens, four kites, three candles, four birds and four shrimp"
3,3,0,6,3,0,7,3,0,0,10,compbench_numeracy,204,"one vase, one woman and four goldfish"
4,4,0,8,4,0,10,4,0,0,14,compbench_numeracy,205,"two cups, two drums, four tables and four bowls"
5,5,0,10,5,0,13,5,0,0,19,compbench_numeracy,206,"four bears, four cows, one swan, two trucks and three sheep"
4,4,0,8,4,0,9,4,0,0,13,compbench_numeracy,207,"one banana, two bicycles, four strawberries and one sofa"
4,4,0,8,4,0,12,4,0,0,16,compbench_numeracy,208,"four desks, one mouse, four chickens and two camels"
3,3,0,6,3,0,7,3,0,0,10,compbench_numeracy,209,"two paintings, two eggs and four rabbits"
3,3,0,6,3,0,8,3,0,0,11,compbench_numeracy,210,"two helicopters, one rabbit and two turtles"
5,5,0,10,5,0,13,5,0,0,18,compbench_numeracy,211,"three helmets, one knife, four computers, two ducks and three paddles"
4,4,0,8,4,0,11,4,0,0,16,compbench_numeracy,212,"four tents, three pigs, one cow and four paddles"
3,3,0,6,3,0,6,3,0,0,9,compbench_numeracy,213,"two girls, four horses and two chairs"
3,3,0,6,3,0,8,3,0,0,11,compbench_numeracy,214,"one stool, four balloons and three bananas"
4,4,0,8,4,0,10,4,0,0,15,compbench_numeracy,215,"two clocks, one frog, one book and two cups"
5,5,0,10,5,0,16,5,0,0,21,compbench_numeracy,216,"three ducks, two clocks, two desks, three cows and four kites"
4,4,0,8,4,0,10,4,0,0,14,compbench_numeracy,217,"one guitar, two horses, four cakes and three kites"
5,5,0,10,5,0,14,5,0,0,19,compbench_numeracy,218,"three printers, two bowls, one sheep, two camels and two books"
3,3,0,6,3,0,7,3,0,0,11,compbench_numeracy,219,"four vases, two dogs and three helmets"
3,3,0,6,3,0,9,3,0,0,12,compbench_numeracy,220,"one television, three camels and four chickens"
5,5,0,10,5,0,16,5,0,0,21,compbench_numeracy,221,"three turtles, two balloons, one fish, four kites and two bees"
3,3,0,6,3,0,6,3,0,0,9,compbench_numeracy,222,"two candles, one fish and one bicycle"
3,3,0,6,3,0,7,3,0,0,10,compbench_numeracy,223,"one airplane, two fish and two breads"
3,3,0,6,3,0,9,3,0,0,12,compbench_numeracy,224,"one sink, three camels and two paddles"
4,4,0,8,4,0,9,4,0,0,13,compbench_numeracy,225,"three bears, two computers, one drum and one person"
5,5,0,10,5,0,11,5,0,0,18,compbench_numeracy,226,"one chair, three women, two tomatoes, three pigs and three pens"
3,3,0,6,3,0,7,3,0,0,11,compbench_numeracy,227,"two chickens, four pens and one lemon"
5,5,0,10,5,0,12,5,0,0,17,compbench_numeracy,228,"two apples, one bag, two dogs, four clocks and three microwaves"
4,4,0,8,4,0,11,4,0,0,15,compbench_numeracy,229,"three toys, three kites, two birds and four microwaves"
4,4,0,8,4,0,11,4,0,0,16,compbench_numeracy,230,"four pears, four desks, three paddles and two rabbits"
3,3,0,6,3,0,8,3,0,0,11,compbench_numeracy,231,"four women, three guitars and four cows"
5,5,0,10,5,0,13,5,0,0,19,compbench_numeracy,232,"one frog, two fish, two tents, four phones and three turtles"
3,3,0,6,3,0,8,3,0,0,11,compbench_numeracy,233,"four boats, four cameras and four kites"
3,3,0,6,3,0,12,3,0,0,16,compbench_numeracy,234,"three giraffes, four kites and four tents"
5,5,0,10,5,0,14,5,0,0,20,compbench_numeracy,235,"three bicycles, three balloons, three desks, two vases and four chickens"
3,3,0,6,3,0,9,3,0,0,12,compbench_numeracy,236,"two bowls, three microwaves and two chickens"
3,3,0,6,3,0,7,3,0,0,10,compbench_numeracy,237,"four peaches, three cars and three people"
3,3,0,6,3,0,8,3,0,0,11,compbench_numeracy,238,"two keys, one kite and three rabbits"
5,5,0,10,5,0,12,5,0,0,17,compbench_numeracy,239,"three bears, two girls, one chair, three cups and three chickens"
4,4,0,8,4,0,10,4,0,0,14,compbench_numeracy,240,"two cars, three clocks, one bottle and two microwaves"
3,3,0,6,3,0,7,3,0,0,10,compbench_numeracy,241,"four ships, two tents and two fish"
3,3,0,6,3,0,8,3,0,0,11,compbench_numeracy,242,"four apples, two books and two bees"
4,4,0,8,4,0,10,4,0,0,15,compbench_numeracy,243,"two refrigerators, four candles, one frog and three shrimp"
4,4,0,8,4,0,10,4,0,0,14,compbench_numeracy,244,"two flags, three butterflies, four bananas and two apples"
3,3,0,6,3,0,6,3,0,0,9,compbench_numeracy,245,"four books, four strawberries and four phones"
5,5,0,10,5,0,15,5,0,0,21,compbench_numeracy,246,"two printers, two cats, three frogs, two birds and three bees"
3,3,0,6,3,0,7,3,0,0,10,compbench_numeracy,247,"two printers, one person and two pillows"
3,3,0,6,3,0,9,3,0,0,12,compbench_numeracy,248,"four bees, four rabbits and two trucks"
5,5,0,10,5,0,12,5,0,0,18,compbench_numeracy,249,"four horses, one computer, two pears, two airplanes and three bicycles"
5,5,0,10,5,0,12,5,0,0,17,compbench_numeracy,250,"three mice, four tents, four televisions, two tables and two boys"
3,3,0,6,3,0,7,3,0,0,10,compbench_numeracy,251,"one candle, one helmet and three desks"
5,5,0,10,5,0,11,5,0,0,17,compbench_numeracy,252,"four couches, three candles, two fish, one frog and three plates"
4,4,0,8,4,0,10,4,0,0,14,compbench_numeracy,253,"two toys, four kites, one turtle and two people"
3,3,0,6,3,0,8,3,0,0,12,compbench_numeracy,254,"two bees, two vases and one bird"
4,4,0,8,4,0,12,4,0,0,17,compbench_numeracy,255,"three refrigerators, three pigs, three helmets and four sofas"
5,5,0,10,5,0,14,5,0,0,21,compbench_numeracy,256,"two pears, one lemon, two swans, two bicycles and four bowls"
3,3,0,6,3,0,7,3,0,0,10,compbench_numeracy,257,"three pillows, two helicopters and four books"
3,3,0,6,3,0,7,3,0,0,10,compbench_numeracy,258,"two bottles, four microphones and two boys"
3,3,0,6,3,0,6,3,0,0,9,compbench_numeracy,259,"two keys, three phones and four birds"
5,5,0,10,5,0,13,5,0,0,18,compbench_numeracy,260,"three hamburgers, three tomatoes, four deer, one banana and two bowls"
5,5,0,10,5,0,13,5,0,0,19,compbench_numeracy,261,"one duck, three pigs, three helicopters, three candles and two bowls"
5,5,0,10,5,0,13,5,0,0,19,compbench_numeracy,262,"two desks, four fish, four frogs, three horses and four trains"
5,5,0,10,5,0,11,5,0,0,17,compbench_numeracy,263,"one lemon, two pens, one bird, three fish and four bowls"
3,3,0,6,3,0,7,3,0,0,10,compbench_numeracy,264,"three plates, two clocks and one person"
4,4,0,8,4,0,9,4,0,0,13,compbench_numeracy,265,"two eggs, one lemon, three plates and three bowls"
3,3,0,6,3,0,8,3,0,0,11,compbench_numeracy,266,"four paddles, four bottles and three guitars"
3,3,0,6,3,0,8,3,0,0,11,compbench_numeracy,267,"one guitar, two microwaves and three sofas"
4,4,0,8,4,0,9,4,0,0,13,compbench_numeracy,268,"one bread, four sofas, two strawberries and one bicycle"
5,5,0,10,5,0,15,5,0,0,21,compbench_numeracy,269,"two giraffes, three eggs, two breads, three microwaves and four strawberries"
4,4,0,8,4,0,11,4,0,0,15,compbench_numeracy,270,"two camels, three balloons, two boys and three strawberries"
5,5,0,10,5,0,15,5,0,0,22,compbench_numeracy,271,"one swan, two trucks, three tents, two balloons and one giraffe"
4,4,0,8,4,0,9,4,0,0,13,compbench_numeracy,272,"one duck, three cups, two deer and two boats"
3,3,0,6,3,0,9,3,0,0,12,compbench_numeracy,273,"four bowls, one phone and four camels"
5,5,0,10,5,0,13,5,0,0,18,compbench_numeracy,274,"three airplanes, two cups, one chair, two lemons and four bowls"
3,3,0,6,3,0,6,3,0,0,9,compbench_numeracy,275,"two books, three horses and one lemon"
5,3,1,11,3,2,12,3,2,0,20,compbench_numeracy,276,"a backpack, three apples, two strawberries, and a bowl were on the kitchen counter"
4,1,2,8,1,2,9,1,1,0,16,compbench_numeracy,277,"two guitars, a helicopter, and a balloon entertained the crowd"
6,2,2,12,2,2,16,2,1,0,26,compbench_numeracy,278,"three bananas, two bees, an egg, a painting, and a goldfish adorned the room"
5,2,1,10,2,2,11,2,2,0,19,compbench_numeracy,279,"a microwave, a cup, three ships, and two fish were in the pantry"
6,4,2,12,4,2,13,4,1,0,21,compbench_numeracy,280,"two flags, two cameras, two tomatoes, a couch, and three men filled the gallery"
5,3,2,11,3,4,12,3,2,0,22,compbench_numeracy,281,"a fish, two stools, a lemon, and two vases were on the kitchen island"
4,2,1,8,2,1,10,2,1,0,16,compbench_numeracy,282,"four sinks, two rabbits, and a stool completed the bathroom"
5,4,0,10,4,0,10,4,0,0,21,compbench_numeracy,283,"three mice, three women, four boats, a bird, and four bottles cluttered the shelf"
4,4,1,9,4,2,10,4,2,0,16,compbench_numeracy,284,"four bananas, four horses, and three cups were on the picnic table"
4,2,1,8,2,2,9,2,2,0,17,compbench_numeracy,285,"two pigs, four shrimp, and a cake were on the menu"
4,2,1,8,2,2,10,2,2,0,16,compbench_numeracy,286,"a helicopter, two dogs, and two lemons were on the playground"
5,3,1,10,3,1,13,3,1,0,20,compbench_numeracy,287,"a bicycle, two desks, four strawberries, and three microwaves cluttered the office"
4,3,2,9,3,2,11,3,1,0,17,compbench_numeracy,288,"a chicken, four birds, and four microphones sang a lively tune"
5,3,1,10,3,1,12,3,1,0,19,compbench_numeracy,289,"three clocks, four cats, three desks, and a book filled the study"
4,2,2,9,2,2,9,2,1,0,17,compbench_numeracy,290,"four phones, a butterfly, and a bottle adorned the coffee table"
5,5,1,11,5,1,13,5,1,0,20,compbench_numeracy,291,"two sheep, four dogs, three candles, and three bees created a warm atmosphere"
4,3,2,8,3,4,10,3,2,0,16,compbench_numeracy,292,"four backpacks, two peaches, and three trains were on the platform"
4,1,1,8,1,1,10,1,1,0,16,compbench_numeracy,293,"a computer, a microphone, and two flags completed the setup"
4,4,0,8,4,0,11,4,0,0,19,compbench_numeracy,294,"four bears, two rabbits, two helmets, and four stools provided seating"
4,2,2,8,2,2,12,2,1,0,17,compbench_numeracy,295,"a microphone, three breads, and two camels entertained the audience"
5,3,1,10,3,2,13,3,2,0,21,compbench_numeracy,296,"a camera, three strawberries, four frogs, and two horses were on the display"
5,4,1,10,4,1,15,4,1,0,21,compbench_numeracy,297,"two bees, two desks, four birds, and two kites filled the classroom"
5,4,1,11,4,1,15,4,1,0,21,compbench_numeracy,298,"a strawberry, two bananas, four tents, and two peaches completed the camping gear"
5,5,1,11,5,1,12,5,1,0,18,compbench_numeracy,299,"two cups, three paintings, four lamps, and four bananas decorated the art studio"
4,1,2,7,1,3,9,1,3,0,17,compbench_non_spatial,0,A person is looking at a rainbow and marveling at its beauty.
4,0,2,7,0,3,8,0,3,0,17,compbench_non_spatial,1,A woman is speaking on the phone and making plans with a friend.
3,1,1,7,1,1,8,1,1,0,17,compbench_non_spatial,2,A woman is holding a yoga mat and heading to a class.
5,0,4,9,0,4,11,0,4,0,21,compbench_non_spatial,3,The woodcarver is creating a sculpture of a bird from a block of wood.
2,1,1,5,1,2,7,1,4,0,18,compbench_non_spatial,4,A cat is lazily lounging in a sunny windowsill.
3,1,2,7,1,3,9,1,3,0,16,compbench_non_spatial,5,A dog is playing with a chew toy on the carpet.
3,0,1,5,0,2,6,0,2,0,15,compbench_non_spatial,6,A child is running around a playground and playing with friends.
3,0,1,5,0,2,9,0,2,0,18,compbench_non_spatial,7,A person is looking at a waterfall and feeling awestruck.
4,0,3,7,0,3,8,0,3,0,15,compbench_non_spatial,8,A group of people are enjoying a barbecue in the backyard.
3,1,2,7,1,2,8,1,2,0,15,compbench_non_spatial,9,A scientist is conducting experiments in a high-tech lab.
3,1,1,7,1,1,8,1,1,0,17,compbench_non_spatial,10,A person is wearing a backpack and hiking up a mountain trail.
5,1,2,7,1,3,10,2,4,0,22,compbench_non_spatial,11,"A group of activists are marching in protest, chanting slogans and waving signs."
3,1,1,6,1,1,7,1,1,0,15,compbench_non_spatial,12,A couple is walking their dog and chatting along the way.
3,2,2,8,2,3,10,2,2,0,16,compbench_non_spatial,13,A painter is adding the final touches to a beautiful masterpiece.
3,0,1,6,0,1,7,0,4,0,20,compbench_non_spatial,14,The baker kneaded the dough before placing it in the oven to bake.
4,2,1,8,2,1,9,2,1,0,19,compbench_non_spatial,15,"A person is getting a relaxing massage, feeling tension melt away from their muscles."
4,1,2,8,1,2,9,1,2,0,18,compbench_non_spatial,16,A woman is holding a camera and taking photos of a beautiful landscape.
2,0,1,4,0,2,5,0,2,0,10,compbench_non_spatial,17,A person is laughing in the crowd.
3,3,2,9,3,3,10,4,2,0,16,compbench_non_spatial,18,The science fiction writer is creating a futuristic world in their book.
3,1,1,7,1,1,8,1,1,0,17,compbench_non_spatial,19,A man is holding a book and reading on a park bench.
2,0,1,4,0,2,5,0,3,0,11,compbench_non_spatial,20,The baby is crawling towards the toy.
3,0,1,6,0,1,7,0,1,0,19,compbench_non_spatial,21,A woman is holding a paint can and redecorating a room.
3,1,1,6,1,2,7,1,2,0,18,compbench_non_spatial,22,A person is walking with a friend and catching up on their lives.
3,0,1,5,0,1,7,0,1,0,14,compbench_non_spatial,23,A person is wearing gloves and holding a snowball.
2,0,1,4,0,2,5,0,2,0,11,compbench_non_spatial,24,A river is flowing through a canyon.
3,1,2,7,1,3,8,1,3,0,16,compbench_non_spatial,25,A man is mowing the lawn with a push mower.
3,1,1,6,1,1,8,1,2,0,17,compbench_non_spatial,26,A surfer is waxing their board before heading out into the water.
3,2,1,7,2,2,12,3,2,0,22,compbench_non_spatial,27,A dog is standing on its hind legs and trying to catch a frisbee.
3,2,2,7,2,3,9,3,2,0,15,compbench_non_spatial,28,A person is practicing their juggling skills at the circus.
3,0,1,6,0,1,8,0,1,0,19,compbench_non_spatial,29,A man is holding a briefcase and rushing to catch a train.
3,0,1,5,0,1,6,0,1,0,15,compbench_non_spatial,30,A person is wearing a hat and sunglasses while fishing.
3,3,1,9,3,1,12,5,1,0,21,compbench_non_spatial,31,A man is holding a soldering iron and repairing a broken electronic device.
3,1,2,6,1,3,7,1,4,0,15,compbench_non_spatial,32,A group of people are cheering at a sports game.
3,1,2,5,1,3,6,1,2,0,11,compbench_non_spatial,33,A person is shaking their head in disagreement.
3,2,1,9,2,2,11,2,2,0,20,compbench_non_spatial,34,A child is playing with a toy drum set and making a joyful noise.
3,0,2,5,0,3,6,0,2,0,11,compbench_non_spatial,35,A woman is doing dishes in the kitchen.
4,2,3,9,2,4,10,2,3,0,18,compbench_non_spatial,36,A group of friends is having a picnic under a big oak tree.
2,1,1,5,1,2,7,2,2,0,18,compbench_non_spatial,37,A child is playing with a toy airplane and pretending to fly.
3,2,2,8,2,4,10,2,3,0,16,compbench_non_spatial,38,A woman is shopping for fresh produce at the farmer's market.
4,0,2,7,0,3,9,0,2,0,18,compbench_non_spatial,39,A man is holding a compass and navigating through the wilderness.
3,1,2,7,1,3,9,1,2,0,17,compbench_non_spatial,40,The textile artist is weaving a tapestry on a loom.
3,2,1,7,2,2,10,4,2,0,19,compbench_non_spatial,41,A woman is speaking in sign language and communicating with a deaf friend.
4,3,2,9,3,3,10,3,3,0,23,compbench_non_spatial,42,"A parent is comforting their child after a bad dream, holding them close and soothing their fears."
2,1,1,7,1,2,9,2,2,0,15,compbench_non_spatial,43,A person is standing on a skateboard and performing tricks.
3,0,1,9,0,2,10,0,2,0,20,compbench_non_spatial,44,A person is jumping over a hurdle and competing in a track and field event.
3,1,1,6,1,2,9,2,2,0,19,compbench_non_spatial,45,A child is playing with a yo-yo and performing tricks.
3,2,1,7,2,2,9,2,2,0,20,compbench_non_spatial,46,A dog is playing with a chew toy and happily wagging its tail.
4,0,1,8,0,1,9,0,1,0,20,compbench_non_spatial,47,A man is holding a map and navigating a boat on a lake.
4,1,2,7,1,3,8,1,2,0,18,compbench_non_spatial,48,A dog is playing fetch with its owner and bringing back a ball.
4,0,3,7,0,4,8,0,3,0,16,compbench_non_spatial,49,The singer is performing a duet with a partner on stage.
4,1,2,9,1,3,11,1,3,0,22,compbench_non_spatial,50,A person is walking with a guidebook and taking a tour of a historic site.
3,1,1,7,1,2,8,1,2,0,18,compbench_non_spatial,51,A man is standing on a street corner and waiting for a bus.
4,0,1,7,0,1,8,0,1,0,17,compbench_non_spatial,52,A person is holding a basketball and playing a game with friends.
4,2,2,7,2,2,8,2,3,0,17,compbench_non_spatial,53,A dog is wagging its tail and playing fetch with its owner.
3,2,1,7,2,1,8,2,1,0,16,compbench_non_spatial,54,A dog is chasing its tail and having a playful moment.
3,2,2,7,2,3,11,2,2,0,18,compbench_non_spatial,55,A man is sitting on a park bench feeding pigeons.
3,1,1,7,1,2,9,2,2,0,18,compbench_non_spatial,56,A person is standing on a ladder and fixing a leaky roof.
3,2,1,7,2,1,8,2,1,0,15,compbench_non_spatial,57,A man is holding a basketball and practicing his jump shot.
3,1,1,7,1,1,11,4,1,0,21,compbench_non_spatial,58,A man is holding a microphone and performing at a karaoke bar.
4,0,2,7,0,2,8,0,2,0,17,compbench_non_spatial,59,A woman is holding a cup of coffee while waiting for the bus.
3,1,2,7,1,4,8,1,3,0,16,compbench_non_spatial,60,A student is typing on a laptop at a coffee shop.
3,0,1,5,0,1,6,0,1,0,14,compbench_non_spatial,61,A couple is holding hands and walking through a park.
2,0,1,4,0,1,5,0,2,0,24,compbench_non_spatial,62,"A chef is carefully seasoning a dish, tasting it over and over until it's just right."
3,2,2,7,2,3,9,2,2,0,14,compbench_non_spatial,63,A man is playing the drums in his garage band.
3,0,2,5,0,3,6,0,2,0,11,compbench_non_spatial,64,A person is playing guitar on the beach.
3,2,2,6,2,3,8,2,4,0,17,compbench_non_spatial,65,The sushi chef is slicing fresh fish for sashimi.
4,0,2,6,0,2,7,0,2,0,16,compbench_non_spatial,66,A woman is holding a bouquet of flowers and smiling with happiness.
3,2,1,7,2,2,11,4,2,0,22,compbench_non_spatial,67,A child is playing with a hula hoop and perfecting their moves.
3,1,1,6,1,2,7,1,2,0,18,compbench_non_spatial,68,A dog is chasing after a ball and wagging its tail.
3,1,1,7,1,2,8,1,2,0,17,compbench_non_spatial,69,A person is looking at a map and planning a road trip.
4,0,2,7,0,2,8,0,2,0,17,compbench_non_spatial,70,A person is holding a glass of wine and enjoying a sunset.
2,1,0,5,1,0,6,1,0,0,16,compbench_non_spatial,71,A dog is panting and resting after a long walk.
4,1,2,7,1,3,8,1,3,0,18,compbench_non_spatial,72,A person is looking at a work of art and analyzing its meaning.
4,0,2,7,0,2,8,0,2,0,17,compbench_non_spatial,73,A woman is holding a slice of pizza and taking a bite.
3,1,1,7,1,1,8,1,1,0,17,compbench_non_spatial,74,A person is holding a calculator and working on a math problem.
2,0,1,3,0,2,6,0,3,0,13,compbench_non_spatial,75,A person is clapping in applause.
4,1,2,9,1,2,11,1,2,0,20,compbench_non_spatial,76,A woman is holding a basket of fruit and smiling at the farmer's market.
2,0,1,4,0,2,7,0,4,0,15,compbench_non_spatial,77,A horse is galloping in a meadow.
4,1,2,9,1,3,10,1,2,0,24,compbench_non_spatial,78,"A child is carefully planting a seed in the garden, hoping it will grow into a beautiful flower."
3,0,1,6,0,2,7,0,2,0,16,compbench_non_spatial,79,A person is walking with a friend and enjoying a conversation.
3,0,2,5,0,3,8,0,2,0,13,compbench_non_spatial,80,A bartender is mixing drinks behind the bar.
4,1,2,8,1,3,9,1,3,0,19,compbench_non_spatial,81,A person is looking at a display of vintage clothing and admiring the fashion.
3,1,1,6,1,1,7,1,1,0,16,compbench_non_spatial,82,A person is holding a phone and scrolling through social media.
2,0,1,4,0,2,7,0,2,0,13,compbench_non_spatial,83,A child is playing in the sandbox.
3,2,1,7,2,1,8,2,1,0,15,compbench_non_spatial,84,A woman is holding a rolling pin and making pie crust.
3,1,2,6,1,4,7,1,3,0,13,compbench_non_spatial,85,A bride is walking down the aisle towards her groom.
2,0,1,4,0,2,5,0,4,0,13,compbench_non_spatial,86,A couple is stargazing in a field.
3,1,1,6,1,2,7,1,2,0,15,compbench_non_spatial,87,A person is looking at a full moon and feeling inspired.
4,0,3,6,0,4,10,0,3,0,16,compbench_non_spatial,88,A group of friends is playing frisbee on the beach.
4,2,3,9,2,3,9,2,3,0,14,compbench_non_spatial,89,The scientist observed the behavior of the animals in their natural habitat.
2,0,1,4,0,2,5,0,2,0,11,compbench_non_spatial,90,A boat is sailing on a lake.
4,2,2,10,2,2,11,2,2,0,23,compbench_non_spatial,91,"A chef is preparing a fancy meal for a special occasion, carefully plating each dish."
3,0,1,6,0,1,7,0,1,0,16,compbench_non_spatial,92,A woman is holding a microphone and singing at a concert.
3,0,1,6,0,2,7,0,2,0,15,compbench_non_spatial,93,A person is standing on a rooftop and enjoying the view.
3,0,2,6,0,4,7,0,4,0,16,compbench_non_spatial,94,A person is gazing up at the stars through a telescope.
2,1,1,5,1,2,6,1,4,0,16,compbench_non_spatial,95,A couple is cuddled up together on a park bench.
2,0,1,4,0,2,7,0,2,0,20,compbench_non_spatial,96,A person is jumping on a trampoline and feeling exhilarated.
4,1,2,7,1,3,8,1,3,0,18,compbench_non_spatial,97,A person is looking at a work of art and admiring its beauty.
3,0,2,5,0,2,7,0,3,0,13,compbench_non_spatial,98,A child is blowing bubbles in the park.
2,0,1,3,0,2,4,0,4,0,12,compbench_non_spatial,99,A person is sighing in relief.
4,0,3,6,0,4,7,0,3,0,14,compbench_non_spatial,100,A group of friends is playing soccer in a park.
4,2,3,9,2,5,10,2,3,0,17,compbench_non_spatial,101,A man is running his hand over a smooth rock at the beach.
2,1,1,6,1,2,8,1,2,0,13,compbench_non_spatial,102,A baby is holding onto their mother's finger.
3,2,2,8,2,2,10,2,2,0,16,compbench_non_spatial,103,A gymnast is performing a perfect routine on the balance beam.
2,0,1,4,0,2,5,0,2,0,16,compbench_non_spatial,104,A person is looking at the menu and deciding what to order.
4,1,1,8,1,1,10,1,1,0,19,compbench_non_spatial,105,A man is holding a leash and taking his dog for a walk.
2,0,1,4,0,2,5,0,2,0,19,compbench_non_spatial,106,A person is running in a marathon and striving for a personal best.
3,1,2,6,1,3,8,1,2,0,14,compbench_non_spatial,107,A man is building a birdhouse in his workshop.
3,1,1,8,1,1,10,1,1,0,19,compbench_non_spatial,108,A person is wearing a chef's hat and cooking a meal.
3,0,1,6,0,2,7,0,2,0,17,compbench_non_spatial,109,A person is running on a treadmill and working up a sweat.
3,1,2,9,1,2,10,1,2,0,16,compbench_non_spatial,110,A person is taking a hot air balloon ride over the countryside.
2,1,1,5,1,2,8,2,2,0,25,compbench_non_spatial,111,A child is playing with a yo-yo and trying to make it go up and down.
2,0,1,4,0,2,5,0,2,0,11,compbench_non_spatial,112,A storm is brewing in the distance.
3,1,2,6,1,3,7,1,3,0,14,compbench_non_spatial,113,A group of people are hiking through a forest trail.
3,0,2,6,0,2,7,0,2,0,13,compbench_non_spatial,114,A couple is enjoying a picnic in the park.
3,1,1,7,1,2,7,1,2,0,15,compbench_non_spatial,115,"The athlete stretched before the big game, hoping to avoid any injuries."
2,0,1,4,0,2,4,0,4,0,11,compbench_non_spatial,116,The wind is whistling through the trees.
3,0,2,8,0,3,12,0,3,0,19,compbench_non_spatial,117,A group of friends are sitting around a campfire and roasting marshmallows.
2,1,1,5,1,2,8,1,3,0,16,compbench_non_spatial,118,The model is posing for a fashion photoshoot.
4,0,2,7,0,2,9,0,3,0,25,compbench_non_spatial,119,"A child is blowing bubbles in the park, giggling as they float through the air."
4,0,2,7,0,2,8,0,2,0,19,compbench_non_spatial,120,A woman is holding a cup of coffee and chatting with a friend.
3,2,1,8,2,2,10,3,2,0,19,compbench_non_spatial,121,A child is playing with a toy train and creating a miniature world.
3,0,2,6,0,3,7,0,2,0,13,compbench_non_spatial,122,A couple is watching a movie on the couch.
5,0,3,9,0,4,12,0,3,0,20,compbench_non_spatial,123,A man is holding a telescope and stargazing in the middle of the night.
4,1,1,7,1,2,9,1,3,0,20,compbench_non_spatial,124,"The skater gracefully glided across the ice, performing intricate moves and jumps."
4,1,1,7,1,1,9,1,1,0,17,compbench_non_spatial,125,"A dancer is practicing their routine, perfecting each step and movement."
3,2,1,7,2,2,9,3,2,0,17,compbench_non_spatial,126,A child is playing with a toy kitchen and making imaginary meals.
3,0,1,5,0,1,6,0,1,0,15,compbench_non_spatial,127,A child is holding a book and reading it in bed.
3,1,1,7,1,1,9,1,2,0,17,compbench_non_spatial,128,A dog is licking its owner's face and showing affection.
2,1,1,5,1,1,8,1,1,0,13,compbench_non_spatial,129,A firefly is lighting up the night sky.
4,0,2,7,0,2,9,0,2,0,18,compbench_non_spatial,130,A woman is holding a bouquet of balloons and celebrating a birthday.
3,3,2,8,3,3,9,3,2,0,14,compbench_non_spatial,131,A woman is practicing her painting skills in an art studio.
5,2,2,9,2,3,10,2,3,0,24,compbench_non_spatial,132,"A writer is brainstorming ideas for their next novel, scribbling notes in a notebook."
3,1,2,6,1,3,6,1,3,0,13,compbench_non_spatial,133,The writer is brainstorming ideas for a new book.
3,0,1,5,0,1,6,0,2,0,15,compbench_non_spatial,134,A woman is sipping coffee while looking out a window.
4,0,3,8,0,4,9,0,4,0,18,compbench_non_spatial,135,A couple is relaxing in a hammock under the shade of a tree.
3,0,2,5,0,3,6,0,2,0,11,compbench_non_spatial,136,A boy is playing basketball in the driveway.
3,2,2,8,2,2,9,2,2,0,15,compbench_non_spatial,137,A couple is taking a romantic bike ride through the countryside.
3,0,2,5,0,2,7,0,2,0,13,compbench_non_spatial,138,A woman is practicing archery in a field.
2,1,1,5,1,2,6,1,2,0,20,compbench_non_spatial,139,A child is playing with a jump ball and bouncing it up and down.
2,0,1,3,0,2,4,0,3,0,10,compbench_non_spatial,140,A person is nodding in agreement.
3,2,2,6,2,4,7,2,3,0,13,compbench_non_spatial,141,A woman is talking to her doctor about her health.
4,2,1,8,2,2,10,2,6,0,28,compbench_non_spatial,142,"A performer is rehearsing for a big show, going over their lines and moves again and again."
3,2,1,7,2,1,8,2,1,0,15,compbench_non_spatial,143,A man is holding a baseball bat and practicing his swing.
2,0,1,4,0,2,5,0,3,0,12,compbench_non_spatial,144,A bird is nesting in a tree.
3,1,1,6,1,1,7,1,2,0,16,compbench_non_spatial,145,A dog is wagging its tail and greeting a visitor.
4,0,2,7,0,2,8,0,2,0,17,compbench_non_spatial,146,A person is holding a piece of fruit and taking a bite.
3,2,2,7,2,3,8,2,6,0,19,compbench_non_spatial,147,A man is tinkering with a car engine in his garage.
3,0,1,6,0,2,9,0,2,0,18,compbench_non_spatial,148,A person is jumping on a trampoline and having a blast.
3,1,1,7,1,2,8,1,2,0,17,compbench_non_spatial,149,A dog is jumping over a hurdle and competing in an agility course.
3,0,2,6,0,3,6,0,2,0,13,compbench_non_spatial,150,The mechanic is repairing a car in the garage.
3,1,1,7,1,2,8,1,2,0,16,compbench_non_spatial,151,A person is running through a field and enjoying the fresh air.
3,1,1,5,1,2,6,1,3,0,14,compbench_non_spatial,152,A dog is cuddling with its owner and showing affection.
3,1,2,6,1,3,7,1,5,0,17,compbench_non_spatial,153,A couple is cuddled up in front of a cozy fireplace.
3,0,1,6,0,2,7,0,2,0,16,compbench_non_spatial,154,A man is standing on a ladder and painting a wall.
2,0,1,4,0,1,5,0,1,0,17,compbench_non_spatial,155,A woman is holding a baby and cooing to soothe them.
4,1,3,9,1,4,9,1,7,0,21,compbench_non_spatial,156,The artist painted a stunning landscape of a waterfall cascading into a pool.
3,1,2,7,1,3,9,2,3,0,16,compbench_non_spatial,157,The boxer is training with a punching bag at the gym.
4,1,1,8,1,2,10,1,2,0,19,compbench_non_spatial,158,A person is walking with a cane and taking their time down the street.
2,1,1,5,1,2,6,1,2,0,18,compbench_non_spatial,159,"A book is lying open on a coffee table, waiting to be read."
3,1,1,7,1,1,8,1,1,0,16,compbench_non_spatial,160,A man is holding a violin and playing a beautiful melody.
4,1,2,7,1,2,8,1,2,0,17,compbench_non_spatial,161,A man is holding a set of keys and unlocking his car.
4,1,2,8,1,3,11,1,3,0,22,compbench_non_spatial,162,A child is playing with a bubble wand and blowing bubbles in the sunshine.
3,1,1,7,1,2,8,1,2,0,18,compbench_non_spatial,163,A person is looking at a sculpture garden and appreciating the artwork.
3,1,2,7,1,3,8,1,2,0,15,compbench_non_spatial,164,A child is holding a balloon at a birthday party.
2,1,1,5,1,2,7,2,2,0,20,compbench_non_spatial,165,A child is playing with a toy train and making it chug along.
5,2,2,8,2,3,9,2,3,0,21,compbench_non_spatial,166,A dog is playing tug-of-war with its owner and wagging its tail.
4,0,1,8,0,1,10,0,1,0,21,compbench_non_spatial,167,A woman is holding a hammer and nailing a picture to the wall.
3,0,2,6,0,3,7,0,3,0,15,compbench_non_spatial,168,A child is chasing after a butterfly in the park.
3,0,2,6,0,3,7,0,3,0,15,compbench_non_spatial,169,A man is fishing on a pier by the lake.
3,2,2,7,2,3,11,3,3,0,18,compbench_non_spatial,170,The calligrapher is writing in beautiful script with a quill pen.
3,0,2,5,0,2,5,0,2,0,11,compbench_non_spatial,171,The magician is performing a trick with cards.
3,0,1,6,0,1,7,0,1,0,14,compbench_non_spatial,172,A man is playing the guitar and singing a song.
2,2,1,6,2,1,7,2,1,0,14,compbench_non_spatial,173,The mountain biker is navigating a rocky trail.
3,1,1,7,1,2,8,1,2,0,17,compbench_non_spatial,174,A person is walking with a backpack and exploring a new city.
4,0,3,7,0,4,9,0,2,0,20,compbench_non_spatial,175,A man is holding a rake and raking leaves in the yard.
2,2,1,7,2,1,8,2,1,0,13,compbench_non_spatial,176,The paper crafter is making a paper flower bouquet.
4,1,1,7,1,1,10,1,1,0,21,compbench_non_spatial,177,"A musician is composing a new song, experimenting with melodies and lyrics."
4,1,3,9,1,4,10,2,3,0,17,compbench_non_spatial,178,The coach is giving a pep talk to the team before the game.
3,1,2,6,1,3,7,1,2,0,13,compbench_non_spatial,179,A person is wearing sunglasses on a sunny day.
4,1,2,8,1,2,9,1,2,0,18,compbench_non_spatial,180,A woman is holding a basket of laundry and heading to the washing machine.
4,0,2,7,0,3,8,0,3,0,17,compbench_non_spatial,181,A person is jumping over a hurdle and training for a race.
2,1,1,5,1,2,7,2,2,0,18,compbench_non_spatial,182,A child is playing with a toy robot and making it move around.
3,0,1,6,0,1,7,0,1,0,18,compbench_non_spatial,183,A couple is watching a movie and snuggled up on the couch.
3,1,2,6,1,3,8,1,3,0,15,compbench_non_spatial,184,A dog is walking on a leash with its owner.
1,0,0,2,0,0,3,0,0,0,11,compbench_non_spatial,185,A person is kissing someone they love.
4,1,3,8,1,3,9,1,3,0,17,compbench_non_spatial,186,The painter is putting a fresh coat of paint on the walls.
2,0,1,4,0,2,6,0,2,0,16,compbench_non_spatial,187,A child is running through a sprinkler and getting soaked.
3,0,1,6,0,2,8,0,2,0,21,compbench_non_spatial,188,A child is playing with a kite and watching it soar high in the sky.
3,2,2,7,2,3,8,2,2,0,14,compbench_non_spatial,189,A woman is practicing her dance routine in a studio.
3,1,1,6,1,2,7,1,2,0,17,compbench_non_spatial,190,A person is looking at a map and trying to find their way.
3,0,2,5,0,2,5,0,2,0,12,compbench_non_spatial,191,The florist is arranging a bouquet of flowers.
3,1,2,7,1,3,10,2,2,0,17,compbench_non_spatial,192,A man is flying a kite on a windy day.
2,2,1,6,2,1,11,5,1,0,16,compbench_non_spatial,193,A gardener is pruning a beautiful bonsai tree.
3,1,1,6,1,2,9,2,2,0,20,compbench_non_spatial,194,A child is playing with a toy spaceship and pretending to explore space.
3,2,2,7,2,3,8,2,3,0,15,compbench_non_spatial,195,A group of people is hiking in a scenic nature reserve.
3,2,1,7,2,2,11,4,2,0,26,compbench_non_spatial,196,A child is playing with a hula hoop and twirling it around their waist.
4,0,1,7,0,1,8,0,1,0,17,compbench_non_spatial,197,A dog is chasing a ball and having fun in the park.
3,1,0,7,1,0,9,2,0,0,19,compbench_non_spatial,198,A child is playing with a toy building set and creating a tower.
4,1,2,8,1,3,11,1,3,0,22,compbench_non_spatial,199,A child is playing with a bubble wand and creating a sea of bubbles.
3,0,2,5,0,3,7,0,2,0,12,compbench_non_spatial,200,A child is jumping rope in the schoolyard.
4,1,2,7,1,2,9,1,2,0,19,compbench_non_spatial,201,A woman is holding a bouquet of roses and giving them to her partner.
3,1,2,7,1,4,9,2,3,0,16,compbench_non_spatial,202,A child is playing with a toy boat at the beach.
2,1,1,6,1,2,8,1,2,0,18,compbench_non_spatial,203,A child is playing with a toy pirate ship and making it sail.
3,0,2,5,0,2,6,0,2,0,13,compbench_non_spatial,204,A group of friends are watching a movie together.
3,1,2,6,1,4,9,1,3,0,16,compbench_non_spatial,205,A child is jumping on a trampoline in their backyard.
3,1,2,6,1,3,7,1,2,0,13,compbench_non_spatial,206,A man is playing golf at a scenic course.
2,1,1,6,1,2,8,1,4,0,18,compbench_non_spatial,207,A skier is gliding down a snow-covered mountain.
3,2,2,7,2,3,9,3,2,0,14,compbench_non_spatial,208,A man is practicing his archery skills at the range.
2,0,1,4,0,2,8,0,2,0,20,compbench_non_spatial,209,A child is playing with a frisbee and throwing it back and forth.
3,0,2,5,0,2,6,0,2,0,20,compbench_non_spatial,210,A person is holding a bouquet of flowers and giving it to a loved one.
4,1,2,7,1,3,9,1,2,0,16,compbench_non_spatial,211,The climber is scaling a rock face with ropes and gear.
3,3,2,7,3,3,8,3,2,0,13,compbench_non_spatial,212,A woman is practicing her violin in her music room.
2,0,1,4,0,2,5,0,2,0,14,compbench_non_spatial,213,A person is looking at a sunset and feeling peaceful.
3,0,2,5,0,4,5,0,3,0,11,compbench_non_spatial,214,The customer is trying on shoes at the store.
3,1,2,6,1,3,7,1,2,0,12,compbench_non_spatial,215,A man is washing his car in the driveway.
2,1,1,4,1,2,6,1,3,0,20,compbench_non_spatial,216,"A gardener is tending to their plants, carefully watering and pruning each one."
2,0,1,4,0,2,8,0,2,0,19,compbench_non_spatial,217,A child is playing with a Frisbee and trying to catch it.
4,0,3,8,0,4,9,0,3,0,17,compbench_non_spatial,218,A girl is reading a book in a hammock in the backyard.
4,0,2,7,0,2,8,0,2,0,16,compbench_non_spatial,219,A person is holding a camera and taking photos of the city.
3,1,2,6,1,2,7,1,3,0,14,compbench_non_spatial,220,A man is raking leaves in the front yard.
2,0,1,4,0,2,5,0,4,0,13,compbench_non_spatial,221,A couple is stargazing on a hill.
2,0,1,4,0,2,5,0,2,0,17,compbench_non_spatial,222,A woman is speaking on the phone and pacing back and forth.
3,2,1,7,2,1,8,2,1,0,17,compbench_non_spatial,223,A person is wearing a graduation cap and gown and receiving their diploma.
4,0,2,8,0,3,9,0,3,0,16,compbench_non_spatial,224,The sun was setting behind the mountains as the hiker reached the peak.
3,1,1,6,1,2,8,2,2,0,17,compbench_non_spatial,225,A child is playing with a toy microscope and examining insects.
3,0,2,4,0,3,7,0,2,0,12,compbench_non_spatial,226,A woman is practicing calligraphy at home.
2,0,1,4,0,2,5,0,2,0,11,compbench_non_spatial,227,A train is passing through a station.
4,1,2,8,1,3,10,1,2,0,20,compbench_non_spatial,228,"The fisherman cast their line into the water, waiting patiently for a bite."
2,1,1,5,1,2,6,1,3,0,14,compbench_non_spatial,229,A person is yawning in a boring meeting.
4,2,3,8,2,4,9,2,3,0,16,compbench_non_spatial,230,A woman is holding a bouquet of flowers on her wedding day.
4,2,1,9,2,2,10,2,2,0,22,compbench_non_spatial,231,"A volunteer is helping out at a homeless shelter, serving meals and offering a kind word."
3,2,1,9,2,1,11,2,1,0,20,compbench_non_spatial,232,A person is wearing a chef's hat and cooking a gourmet meal.
3,1,1,7,1,1,8,1,1,0,22,compbench_non_spatial,233,A man is holding a golf club and teeing off on a course.
3,1,0,5,1,0,6,1,0,0,15,compbench_non_spatial,234,A dog is sitting next to its owner and listening to commands.
3,3,2,9,3,2,9,3,2,0,16,compbench_non_spatial,235,The makeup artist is creating a dramatic look for a fashion show.
3,0,2,5,0,4,6,0,7,0,23,compbench_non_spatial,236,"A toddler clumsily chased after a ball, giggling with delight."
3,2,1,7,2,2,8,2,2,0,17,compbench_non_spatial,237,A child is playing with a jump rope and mastering their skills.
4,2,3,8,2,4,10,3,3,0,17,compbench_non_spatial,238,A group of friends is playing board games on a rainy day.
2,1,1,6,1,2,8,1,2,0,22,compbench_non_spatial,239,A person is looking at a starry night sky and feeling awe-struck.
3,1,2,6,1,3,7,1,3,0,13,compbench_non_spatial,240,A woman is walking with her dog in the forest.
4,0,2,6,0,2,7,0,2,0,17,compbench_non_spatial,241,A woman is holding a plate of food and serving it to guests.
3,0,2,6,0,3,7,0,2,0,16,compbench_non_spatial,242,A cat is wearing a collar with a bell on it.
3,1,1,7,1,1,8,1,1,0,16,compbench_non_spatial,243,A man is holding a saw and building a wooden table.
2,0,1,4,0,2,5,0,2,0,16,compbench_non_spatial,244,A couple is sitting on a swing and talking to each other.
3,0,2,5,0,2,7,0,2,0,13,compbench_non_spatial,245,The dancer is performing a ballet on pointe.
4,1,1,8,1,1,11,1,1,0,22,compbench_non_spatial,246,A person is holding a backpack sprayer and spraying weeds in a garden.
2,1,1,5,1,1,6,1,1,0,14,compbench_non_spatial,247,A woman is holding a yoga pose and breathing deeply.
4,2,2,7,2,3,8,2,2,0,15,compbench_non_spatial,248,A man is running his fingers through his hair and looking stressed.
4,0,2,7,0,3,9,0,3,0,19,compbench_non_spatial,249,A person is looking at a map of the stars and searching for constellations.
4,1,2,9,1,3,11,1,3,0,20,compbench_non_spatial,250,A person is looking at a map of the solar system and studying the planets.
3,0,1,5,0,2,8,0,2,0,15,compbench_non_spatial,251,A person is bungee jumping off a bridge.
2,1,1,5,1,2,6,1,2,0,16,compbench_non_spatial,252,A dog is playing with a tennis ball and running after it.
3,0,2,5,0,3,6,0,3,0,21,compbench_non_spatial,253,"A team of athletes is competing in a tournament, pushing themselves to give it their all."
3,1,2,7,1,3,9,2,2,0,16,compbench_non_spatial,254,A couple is enjoying a candlelit dinner at a restaurant.
2,1,1,5,1,2,7,2,2,0,17,compbench_non_spatial,255,A child is playing with a toy airplane and making it fly.
2,0,1,4,0,2,5,0,2,0,14,compbench_non_spatial,256,A person is looking at a waterfall and feeling refreshed.
3,0,1,6,0,2,8,0,2,0,18,compbench_non_spatial,257,A dog is jumping through a hoop and performing a trick.
3,0,1,6,0,1,7,0,1,0,16,compbench_non_spatial,258,A person is holding a pencil and sketching a portrait.
4,1,1,9,1,1,11,1,1,0,21,compbench_non_spatial,259,A man is holding a telescope and observing a comet in the night sky.
3,0,1,6,0,1,8,0,1,0,16,compbench_non_spatial,260,A person is holding a megaphone and leading a protest.
4,1,1,8,1,1,9,1,1,0,18,compbench_non_spatial,261,A father is teaching his son how to ride a bike in the park.
3,1,2,7,1,3,7,1,3,0,13,compbench_non_spatial,262,The detective carefully examined the evidence found at the crime scene.
3,0,1,6,0,2,7,0,2,0,17,compbench_non_spatial,263,A woman is sitting on a bench and writing in a journal.
3,1,1,6,1,2,7,1,2,0,13,compbench_non_spatial,264,A woman is watching her child play at the playground.
3,0,2,6,0,3,10,0,3,0,17,compbench_non_spatial,265,A dog is running after a frisbee in the park.
3,1,1,7,1,1,8,1,1,0,18,compbench_non_spatial,266,A woman is holding a map and navigating through a new city.
4,1,2,8,1,2,10,1,2,0,19,compbench_non_spatial,267,A woman is holding a bouquet of balloons and celebrating a special occasion.
3,0,2,5,0,3,6,0,3,0,12,compbench_non_spatial,268,A group of friends are swimming in the lake.
3,1,2,6,1,3,7,1,2,0,12,compbench_non_spatial,269,A man is playing pool at the local bar.
3,1,2,6,1,2,7,1,2,0,13,compbench_non_spatial,270,The painter is creating a landscape painting on canvas.
4,0,3,7,0,4,8,0,4,0,16,compbench_non_spatial,271,A cat is playing with a ball of yarn on the carpet.
3,1,1,6,1,2,8,1,2,0,18,compbench_non_spatial,272,A dog is digging in the sand and wagging its tail.
3,0,1,6,0,2,7,0,2,0,16,compbench_non_spatial,273,A person is walking with a colleague and discussing a project.
3,1,1,7,1,1,8,1,1,0,17,compbench_non_spatial,274,A person is wearing a backpack and walking on a hiking trail.
3,1,1,7,1,1,8,1,1,0,15,compbench_non_spatial,275,A man is running a marathon and crossing the finish line.
4,2,2,8,2,3,9,2,3,0,19,compbench_non_spatial,276,A person is looking at a display of minerals and admiring their natural beauty.
4,0,3,6,0,5,7,0,3,0,13,compbench_non_spatial,277,A woman is doing yoga on the beach at sunrise.
3,2,2,6,2,4,7,2,3,0,14,compbench_non_spatial,278,A man is speaking to his therapist about his feelings.
4,1,2,8,1,3,9,1,3,0,18,compbench_non_spatial,279,A person is looking at a map of the human brain and studying neuroscience.
3,0,1,5,0,2,6,0,2,0,16,compbench_non_spatial,280,A person is sitting on a bench and watching people walk by.
4,4,2,9,4,3,9,4,5,0,20,compbench_non_spatial,281,"The actor rehearsed their lines with their scene partner, perfecting their performance."
4,1,3,7,1,5,8,1,4,0,16,compbench_non_spatial,282,A man is speaking to his boss about a project at work.
2,0,1,4,0,2,5,0,3,0,12,compbench_non_spatial,283,A man is kayaking on a lake.
3,1,1,7,1,2,8,1,2,0,20,compbench_non_spatial,284,A child is playing with a jump ball and bouncing it around the playground.
3,0,1,6,0,1,10,0,1,0,20,compbench_non_spatial,285,A person is wearing a lifejacket and kayaking down a river.
4,0,3,6,0,5,7,0,5,0,16,compbench_non_spatial,286,A person is looking at a flock of birds flying in formation.
3,0,1,6,0,1,7,0,1,0,16,compbench_non_spatial,287,A woman is holding a guitar and strumming a tune.
2,0,1,4,0,2,4,0,2,0,9,compbench_non_spatial,288,The sun is setting over the mountains.
3,1,2,6,1,2,7,1,2,0,13,compbench_non_spatial,289,A group of people are watching a fireworks display.
2,0,1,8,0,2,11,0,2,0,18,compbench_non_spatial,290,A child is playing with a jump rope and chanting rhymes.
3,2,2,6,2,4,7,2,3,0,13,compbench_non_spatial,291,A person is walking with their hands in their pockets.
3,1,2,6,1,2,8,1,2,0,14,compbench_non_spatial,292,The puppeteer is performing a puppet show for children.
3,1,1,7,1,1,8,1,1,0,16,compbench_non_spatial,293,A man is holding a telescope and observing the night sky.
3,1,2,6,1,3,9,1,2,0,15,compbench_non_spatial,294,The zookeeper is feeding the animals in their care.
3,0,2,6,0,2,7,0,2,0,13,compbench_non_spatial,295,A family is having a barbecue in the park.
3,1,1,7,1,1,8,1,1,0,17,compbench_non_spatial,296,A person is wearing a white coat and working in a laboratory.
3,0,2,5,0,3,7,0,5,0,16,compbench_non_spatial,297,A group of children are giggling on the swings.
4,0,3,6,0,4,10,0,3,0,16,compbench_non_spatial,298,A group of friends are playing frisbee in the park.
3,1,1,8,1,2,10,1,2,0,19,compbench_non_spatial,299,A child is playing with a toy construction set and building a tower.
3,2,2,8,2,3,8,2,3,0,14,compbench_complex,0,The red hat was on top of the brown coat rack.
3,3,2,8,3,3,8,3,3,0,13,compbench_complex,1,The blue water bottle was on top of the red backpack.
2,2,1,6,2,2,6,2,3,0,12,compbench_complex,2,The black phone was resting on the brown charger.
2,2,1,6,2,2,6,2,2,0,10,compbench_complex,3,The leather wallet was inside the brown purse.
3,2,2,8,2,3,8,2,3,0,13,compbench_complex,4,The fluffy cat is on the left of the soft pillow.
2,3,1,7,3,2,8,4,2,0,14,compbench_complex,5,The rectangular picture frame was hung above the beige couch.
3,2,2,8,2,3,9,3,3,0,14,compbench_complex,6,The soft pillow was on top of the hard rocking chair.
2,2,1,6,2,2,6,2,2,0,11,compbench_complex,7,The brown dog was lying on the green mat.
3,2,2,8,2,3,8,2,3,0,13,compbench_complex,8,The green plant was on the right of the white wall.
3,2,2,7,2,3,8,2,3,0,13,compbench_complex,9,The blue bowl was on top of the white placemat.
2,2,1,6,2,2,6,2,2,0,12,compbench_complex,10,The rectangular mirror was hung above the white sink.
3,2,2,7,2,3,7,2,3,0,12,compbench_complex,11,The black chair is on top of the blue rug.
3,2,2,8,2,3,8,2,3,0,13,compbench_complex,12,The black chair was on the left of the white table.
2,2,0,6,2,0,6,2,0,0,11,compbench_complex,13,The square book was next to the green notebook.
2,1,1,4,1,2,4,1,2,0,14,compbench_complex,14,The red book was on top of the yellow bookshelf.
2,2,1,6,2,2,7,2,2,0,13,compbench_complex,15,The rectangular mirror was hung above the black dresser.
3,2,2,7,2,3,7,2,3,0,12,compbench_complex,16,The rough brick was on top of the smooth tile.
3,2,2,7,2,3,7,2,3,0,12,compbench_complex,17,The red apple was on top of the black plate.
3,2,2,7,2,3,8,3,3,0,14,compbench_complex,18,The striped rug was on top of the tiled floor.
3,2,2,7,2,3,7,2,3,0,13,compbench_complex,19,The striped rug was on top of the wooden floor.
3,2,2,8,2,3,8,2,3,0,13,compbench_complex,20,The red umbrella was on top of the white coat rack.
3,2,2,7,2,3,7,2,3,0,12,compbench_complex,21,The silver laptop was on top of the black desk.
2,2,0,6,2,0,6,2,0,0,11,compbench_complex,22,The black headphones were next to the green phone.
2,2,1,6,2,2,7,2,3,0,13,compbench_complex,23,The silver watch was resting on the brown nightstand.
3,2,2,7,2,3,8,2,3,0,14,compbench_complex,24,The red mug was on top of the green coaster.
2,2,1,6,2,2,7,2,2,0,13,compbench_complex,25,The rectangular mirror was hung above the wooden dresser.
2,2,0,6,2,0,7,2,0,0,12,compbench_complex,26,The square box was next to the circular canister.
3,3,2,8,3,3,8,3,3,0,13,compbench_complex,27,The brown boots were on top of the wooden shoe rack.
3,2,2,8,2,3,8,2,3,0,13,compbench_complex,28,The green plant was on the left of the yellow lamp.
3,2,2,7,2,3,8,2,3,0,13,compbench_complex,29,The green plant is on top of the silver nightstand.
2,2,1,6,2,2,6,2,2,0,11,compbench_complex,30,The fluffy cat was lying on the soft blanket.
3,2,2,7,2,3,7,2,3,0,12,compbench_complex,31,The soft towel was on top of the hard counter.
3,2,2,7,2,3,7,2,3,0,12,compbench_complex,32,The white book was on top of the blue shelf.
3,2,2,7,2,3,8,2,3,0,14,compbench_complex,33,The white mug is on top of the black coaster.
2,2,0,6,2,0,7,2,0,0,12,compbench_complex,34,The black suitcase was next to the brown briefcase.
3,3,2,9,3,3,9,3,3,0,14,compbench_complex,35,The round clock was on the right of the wooden picture frame.
3,3,2,9,3,3,9,3,3,0,14,compbench_complex,36,The round clock was on the left of the rectangular picture frame.
2,2,0,6,2,0,6,2,0,0,11,compbench_complex,37,The black pencil was next to the green notebook.
3,2,2,7,2,3,7,2,3,0,12,compbench_complex,38,The rectangular book was on top of the black shelf.
2,2,0,6,2,0,6,2,0,0,11,compbench_complex,39,The red apple was next to the oval plate.
2,2,0,6,2,0,6,2,0,0,11,compbench_complex,40,The black camera was next to the white tripod.
3,2,2,7,2,3,7,2,3,0,12,compbench_complex,41,The white shirt was on top of the blue pants.
2,2,1,6,2,2,6,2,2,0,11,compbench_complex,42,The white cat is lying on the brown sofa.
3,2,2,7,2,3,7,2,3,0,12,compbench_complex,43,The green plant was on top of the wooden shelf.
2,2,0,6,2,0,6,2,0,0,11,compbench_complex,44,The black chair was next to the silver table.
3,2,2,8,2,3,8,2,3,0,13,compbench_complex,45,The green plant was on the left of the white lamp.
2,2,0,6,2,0,6,2,0,0,11,compbench_complex,46,The green plant was next to the white vase.
2,2,1,6,2,2,6,2,2,0,12,compbench_complex,47,The oval mirror is hung above the white sink.
2,2,0,6,2,0,6,2,0,0,11,compbench_complex,48,The yellow pencil was next to the blue pen.
2,2,1,6,2,2,6,2,2,0,12,compbench_complex,49,The rectangular mirror was hung above the blue sink.
2,3,1,7,3,2,8,3,3,0,14,compbench_complex,50,The pink phone case was resting on the white nightstand.
2,2,1,6,2,2,6,2,2,0,12,compbench_complex,51,The rectangular mirror was hung above the wooden shelf.
3,2,2,7,2,3,8,2,3,0,13,compbench_complex,52,The oval plate was on top of the square placemat.
3,2,2,7,2,3,7,2,3,0,12,compbench_complex,53,The white shirt was on top of the black pants.
2,2,1,6,2,2,6,2,3,0,12,compbench_complex,54,The black phone was resting on the silver charger.
2,2,0,6,2,0,8,3,0,0,14,compbench_complex,55,The striped rug was next to the beige armchair.
2,2,0,6,2,0,7,2,0,0,12,compbench_complex,56,The red apple was next to the yellow pear.
2,2,0,6,2,0,7,2,0,0,12,compbench_complex,57,The square coaster was next to the circular glass.
2,2,0,6,2,0,7,3,0,0,12,compbench_complex,58,The hardcover book was next to the brown notebook.
3,2,2,7,2,3,7,2,3,0,12,compbench_complex,59,The soft blanket was on top of the hard couch.
3,2,2,8,2,3,8,2,3,0,13,compbench_complex,60,The green plant was on the right of the white window.
3,2,2,7,2,3,9,2,3,0,14,compbench_complex,61,The blue book was on top of the red bookshelf.
2,2,0,6,2,0,6,2,0,0,12,compbench_complex,62,The striped rug was next to the brown couch.
3,2,2,7,2,3,7,2,3,0,12,compbench_complex,63,The square book was on top of the blue table.
3,3,2,9,3,3,9,3,3,0,14,compbench_complex,64,The black sofa was on the left of the white coffee table.
3,2,2,7,2,3,7,2,3,0,13,compbench_complex,65,The striped rug was on top of the brown carpet.
2,2,1,6,2,2,8,2,3,0,14,compbench_complex,66,The silver fork was resting on the brown napkin.
2,2,0,6,2,0,6,2,0,0,12,compbench_complex,67,The striped rug was next to the wooden bench.
3,2,2,7,2,3,8,2,3,0,14,compbench_complex,68,The blue mug is on top of the green coaster.
3,2,2,7,2,3,7,2,3,0,13,compbench_complex,69,The red hat was on top of the brown coat.
2,2,1,6,2,2,7,2,2,0,11,compbench_complex,70,The white shirt was on the black hanger.
3,2,2,7,2,3,8,2,3,0,13,compbench_complex,71,The soft blanket was on top of the hard armchair.
3,2,2,7,2,3,7,2,3,0,12,compbench_complex,72,The fluffy pillow was on top of the hard chair.
3,2,2,7,2,3,7,2,3,0,12,compbench_complex,73,The soft pillow was on top of the wooden chair.
2,2,0,7,2,0,7,2,0,0,12,compbench_complex,74,The round clock is next to the white picture frame.
2,4,1,8,4,2,9,4,3,0,15,compbench_complex,75,The warm yellow light shone down on the cozy red armchair.
2,5,1,9,5,2,9,5,3,0,15,compbench_complex,76,The bright red fire engine sped past the dull grey building.
2,3,0,7,3,0,7,3,0,0,14,compbench_complex,77,The soft pink rose petal fell onto the rough grey sidewalk.
3,4,2,11,4,3,11,4,5,0,18,compbench_complex,78,The soft pink petals of the cherry blossom contrasted with the rough brown bark.
2,4,0,8,4,0,8,4,0,0,15,compbench_complex,79,The smooth black river flowed next to the tall green trees.
2,4,1,8,4,2,9,4,2,0,13,compbench_complex,80,The sleek black pen wrote on the crisp white notepad.
2,3,1,8,3,2,9,3,3,0,15,compbench_complex,81,The sleek black briefcase sat on the clean white sofa.
2,3,1,8,3,2,8,3,4,0,14,compbench_complex,82,The bright yellow banana contrasted with the dull brown apple.
2,4,1,8,4,2,8,4,3,0,14,compbench_complex,83,The sleek black laptop sat on the clean white desk.
2,4,1,8,4,2,8,4,4,0,14,compbench_complex,84,The shiny silver watch ticked on the rough wooden table.
2,4,0,8,4,0,8,4,0,0,15,compbench_complex,85,The bright orange pumpkin sat next to the crisp green apples.
2,4,0,10,4,0,10,4,0,0,16,compbench_complex,86,The striped black and white cat lay next to the soft grey blanket.
2,4,0,8,4,0,9,4,0,0,16,compbench_complex,87,The smooth purple vase sat next to the tall white candlestick.
2,4,0,8,4,0,8,4,0,0,13,compbench_complex,88,The crisp green lettuce lay next to the juicy red tomato.
2,4,1,9,4,2,10,4,3,0,15,compbench_complex,89,The colorful balloons floated near the sleek black hot air balloon.
3,4,2,10,4,3,10,4,5,0,17,compbench_complex,90,The rough brown bark of the tree contrasted with the smooth green leaves.
2,4,1,8,4,2,9,4,4,0,15,compbench_complex,91,The sharp red apple contrasted with the soft green pear.
2,4,1,8,4,2,8,4,3,0,14,compbench_complex,92,The warm yellow light shone down on the colorful fruit market.
1,2,0,4,2,0,4,2,0,0,14,compbench_complex,93,The warm yellow light shone down on the colorful fall leaves.
2,4,1,8,4,2,8,4,2,0,12,compbench_complex,94,The sharp blue scissors cut through the thick white paper.
2,4,1,8,4,2,9,4,4,0,15,compbench_complex,95,The shiny silver watch ticked on the rough wooden nightstand.
3,5,2,10,5,3,10,5,3,0,15,compbench_complex,96,The smooth white marble statue stood in front of the rough grey wall.
3,4,2,10,4,3,14,4,5,0,23,compbench_complex,97,The soft white feathers of the owl contrasted with the sharp black talons.
2,4,1,8,4,1,9,5,1,0,12,compbench_complex,98,The crisp white sheet covered the lumpy blue mattress.
2,4,1,8,4,2,8,4,2,0,13,compbench_complex,99,The soft pink pillow leaned against the hard wooden chair.
2,4,1,10,4,2,10,4,3,0,15,compbench_complex,100,The colorful hot air balloon floated near the dark grey storm clouds.
2,4,1,8,4,2,9,5,4,0,16,compbench_complex,101,The shiny silver car zoomed past the old rusty truck.
2,4,0,9,4,0,9,4,0,0,14,compbench_complex,102,The hot pink lipstick lay next to the shiny gold compact mirror.
2,4,1,8,4,2,8,4,3,0,13,compbench_complex,103,The long red scarf draped over the short black jacket.
2,4,1,8,4,2,8,4,4,0,14,compbench_complex,104,The sharp black cat clawed at the soft red blanket.
2,4,0,8,4,0,8,4,0,0,16,compbench_complex,105,The fluffy white cat snuggled up next to the warm brown blanket.
2,4,1,8,4,2,9,4,2,0,14,compbench_complex,106,The sleek black dress hung on the clean white hanger.
2,4,0,8,4,0,8,4,0,0,15,compbench_complex,107,The sleek black cat sat next to the fluffy white pillow.
2,4,1,9,4,2,10,4,4,0,16,compbench_complex,108,The soft white snow contrasted with the sharp green pine needles.
2,4,1,8,4,2,12,6,4,0,20,compbench_complex,109,The prickly green cactus contrasted with the smooth white walls.
2,4,1,8,4,2,8,4,3,0,14,compbench_complex,110,The shiny silver ring sparkled on the rough wooden table.
2,5,1,9,5,2,11,6,2,0,15,compbench_complex,111,The sleek black sports car drove past the bulky grey SUV.
2,4,1,8,4,2,8,4,3,0,13,compbench_complex,112,The sleek silver airplane flew above the fluffy white clouds.
2,5,1,9,5,1,9,5,1,0,12,compbench_complex,113,The fluffy white snow covered the rough brown dirt road.
2,5,0,9,5,0,9,5,0,0,14,compbench_complex,114,The shiny silver watch lay next to the smooth black leather wallet.
2,3,0,7,3,0,8,3,0,0,15,compbench_complex,115,The colorful parrot sat next to the sleek black cage.
2,4,0,8,4,0,9,5,0,0,15,compbench_complex,116,The juicy red tomato lay next to the ripe orange pepper.
2,4,0,8,4,0,8,4,0,0,13,compbench_complex,117,The sweet red strawberry lay next to the tart green apple.
2,4,1,8,4,2,8,4,3,0,13,compbench_complex,118,The bright blue bird perched on the rough brown branch.
2,4,1,8,4,2,8,4,2,0,13,compbench_complex,119,The fluffy white cat slept on the warm fuzzy blanket.
2,4,1,8,4,2,8,4,3,0,14,compbench_complex,120,The warm yellow sun shone down on the cool blue water.
2,3,1,7,3,2,8,3,3,0,13,compbench_complex,121,The colorful balloons floated near the shiny silver airplane.
3,4,2,10,4,3,10,4,5,0,17,compbench_complex,122,The rough brown bark of the tree contrasted with the soft green leaves.
2,4,1,8,4,1,8,4,1,0,11,compbench_complex,123,The crunchy brown leaves covered the damp grey sidewalk.
2,4,1,8,4,2,8,4,3,0,13,compbench_complex,124,The soft pink blanket draped over the hard wooden chair.
2,5,1,9,5,2,9,5,3,0,15,compbench_complex,125,The sleek black sports bike sped past the bright green trees.
2,5,0,9,5,0,13,6,0,0,19,compbench_complex,126,The soft yellow duckling swam next to the sleek black swan.
2,4,1,9,4,2,13,6,2,0,20,compbench_complex,127,The slimy green frog hopped onto the wet brown lily pad.
2,3,1,8,3,2,9,3,2,0,13,compbench_complex,128,The shiny blue car drove past the dusty brown barn.
2,4,1,8,4,2,8,4,3,0,14,compbench_complex,129,The warm yellow light shone down on the colorful flower bouquet.
2,4,1,8,4,2,8,4,4,0,14,compbench_complex,130,The bright green grass contrasted with the dull grey pavement.
2,4,1,8,4,2,13,6,4,0,22,compbench_complex,131,The prickly green cactus contrasted with the smooth white sand.
2,4,1,8,4,2,9,5,3,0,15,compbench_complex,132,The fluffy white clouds floated above the jagged mountain peaks.
2,4,1,8,4,2,8,4,4,0,14,compbench_complex,133,The soft blue blanket contrasted with the rough wooden floor.
2,3,0,8,3,0,8,3,0,0,14,compbench_complex,134,The bright yellow sunflower stood tall next to the soft green grass.
3,4,2,9,4,3,9,4,4,0,16,compbench_complex,135,The sleek black cat sat on top of the fluffy white pillow.
2,4,1,8,4,2,8,4,3,0,13,compbench_complex,136,The fluffy white clouds floated above the deep blue sea.
2,4,1,9,4,2,10,4,3,0,15,compbench_complex,137,The fluffy white clouds floated above the dark grey city skyline.
2,4,1,8,4,2,8,4,4,0,14,compbench_complex,138,The rough brown boots contrasted with the soft white snow.
2,4,1,10,4,2,11,4,4,0,20,compbench_complex,139,The striped black and white zebra grazed near the tall green tree.
2,5,1,9,5,2,9,5,4,0,15,compbench_complex,140,The rough brown hiking boots contrasted with the smooth white snow.
3,3,2,10,3,3,10,3,5,0,17,compbench_complex,141,The soft pink petals of the flower contrasted with the rough grey sidewalk.
2,4,1,8,4,2,8,4,4,0,14,compbench_complex,142,The soft blue sky contrasted with the sharp white clouds.
2,4,1,9,4,1,10,4,1,0,13,compbench_complex,143,The bright orange construction cones marked the rough asphalt road.
2,4,1,8,4,2,8,4,4,0,14,compbench_complex,144,The rough brown boots contrasted with the smooth white snow.
2,3,0,8,3,0,8,3,0,0,14,compbench_complex,145,The hot yellow sunflower leaned next to the cool blue vase.
2,4,1,8,4,2,9,5,4,0,16,compbench_complex,146,The shiny black motorcycle zoomed past the old rusty car.
2,6,0,10,6,0,11,7,0,0,17,compbench_complex,147,The rough brown burlap sack lay next to the smooth white satin ribbon.
2,4,0,9,4,0,9,4,0,0,15,compbench_complex,148,The smooth black leather jacket hung next to the rugged brown boots.
2,4,1,8,4,1,8,4,1,0,11,compbench_complex,149,The smooth white snow covered the rough brown ground.
3,3,1,9,3,2,9,3,4,0,16,compbench_complex,150,The spicy curry simmered on the hot stove and the cool plate.
3,3,1,9,3,2,10,4,4,0,19,compbench_complex,151,The cracked rectangle was leaning against the glossy cylinder and the peeling triangle.
3,3,1,9,3,2,10,4,4,0,18,compbench_complex,152,The delicate butterfly fluttered near the fragrant flower and the rustling leaves.
3,3,1,9,3,2,9,3,2,0,16,compbench_complex,153,The fresh vegetables grew in the rich soil and the rocky terrain.
3,3,1,9,3,2,13,4,3,0,21,compbench_complex,154,The rough prism was nestled between the smooth pyramid and the jagged zigzag.
3,3,1,10,3,2,12,3,3,0,20,compbench_complex,155,The flickering candle flame danced on the smooth wax and the textured holder.
3,4,1,10,4,2,11,4,3,0,17,compbench_complex,156,The soft fur coat draped over the hard armor and the sharp claws.
3,3,1,9,3,2,10,4,3,0,16,compbench_complex,157,The soft blanket draped over the bumpy couch and the hard floor.
3,3,1,9,3,1,9,3,3,0,15,compbench_complex,158,The fluffy pillows cushioned the tired head and the hard couch.
4,3,1,10,3,2,10,3,2,0,20,compbench_complex,159,The yellow cone was suspended in mid-air near the orange pyramid and the green cylinder.
3,3,1,9,3,2,9,3,4,0,16,compbench_complex,160,The fresh flowers bloomed in the colorful garden and the gray vase.
3,3,1,9,3,2,11,5,4,0,19,compbench_complex,161,The sleek fish swam through the murky water and the jagged coral.
3,4,1,10,4,1,11,4,1,0,16,compbench_complex,162,The comfortable armchair embraced the tired body and the hard wooden floor.
3,3,1,9,3,2,15,7,2,0,23,compbench_complex,163,The fluttering butterfly landed on the fragrant flower and the thorny thistle.
3,4,1,10,4,2,10,4,2,0,15,compbench_complex,164,The sweet cotton candy spun on the shiny stick and the rough hands.
3,3,1,9,3,2,10,4,3,0,18,compbench_complex,165,The rough square was nestled between the smooth rectangle and the bumpy sphere.
3,3,1,9,3,1,9,3,1,0,13,compbench_complex,166,The cozy blanket covered the cold body and the hard floor.
3,3,1,9,3,1,11,5,1,0,15,compbench_complex,167,The flickering torch lit the dark cave and the dim tunnel.
3,4,1,10,4,2,13,5,2,0,20,compbench_complex,168,The fluffy marshmallow melted over the warm cocoa and the crunchy graham cracker.
3,3,1,9,3,2,10,3,3,0,17,compbench_complex,169,The translucent sphere floated near the opaque cube and the metallic hexagon.
3,3,1,9,3,2,12,4,3,0,21,compbench_complex,170,The jagged zigzag was nestled between the curved line and the smooth curve.
3,3,1,9,3,2,10,4,4,0,17,compbench_complex,171,The sleek bike zoomed down the smooth road and the bumpy trail.
3,4,1,10,4,1,10,4,1,0,15,compbench_complex,172,The smooth wooden surface reflected the bright light and the dark shade.
3,3,1,10,3,2,17,5,3,0,26,compbench_complex,173,The translucent crescent was hovering above the shimmering rhombus and the rough-edged pentagon.
3,3,1,9,3,2,10,4,2,0,15,compbench_complex,174,The crisp apple lay beside the rough stone and the silky fabric.
3,3,1,9,3,2,9,3,3,0,17,compbench_complex,175,The green diamond was nestled between the blue cylinder and the yellow hexagon.
3,4,1,10,4,2,12,6,4,0,19,compbench_complex,176,The smooth silk dress flowed on the curvy body and the straight floor.
3,3,1,9,3,2,14,6,3,0,22,compbench_complex,177,The graceful swan glided across the calm lake and the reedy marsh.
3,3,1,9,3,1,10,3,1,0,15,compbench_complex,178,The fresh omelet cooked the fluffy eggs and the crisp vegetables.
3,3,1,9,3,1,11,3,3,0,18,compbench_complex,179,The comfortable recliner cradled the tired body and the hard floor.
3,3,1,9,3,2,11,4,3,0,18,compbench_complex,180,The smooth pebble skipped on the calm water and the choppy waves.
3,3,1,9,3,2,11,4,3,0,21,compbench_complex,181,The fuzzy sphere was nestled between the spiky cube and the smooth cylinder.
3,3,1,9,3,2,13,6,3,0,23,compbench_complex,182,The iridescent teardrop was nestled between the jagged diamond and the striped sphere.
3,3,1,9,3,2,9,3,2,0,15,compbench_complex,183,The fragrant candle burned on the smooth table and the textured shelf.
3,3,1,9,3,2,10,3,3,0,19,compbench_complex,184,The metallic sphere was nestled between the wooden rectangle and the textured cube.
3,3,1,9,3,1,11,3,2,0,17,compbench_complex,185,The heavy traffic clogged the busy street and the quiet alleyway.
3,3,0,9,3,0,13,5,0,0,22,compbench_complex,186,The glossy apple sat next to the fuzzy peach and the prickly pear.
3,3,1,11,3,1,14,3,1,0,19,compbench_complex,187,The flickering candle cast shadows on the smooth wall and the textured rug.
3,3,0,9,3,0,13,5,0,0,25,compbench_complex,188,The spiky rectangle was protruding out of the jagged oval and the rounded pentagon.
3,3,1,9,3,2,9,3,3,0,17,compbench_complex,189,The juicy burger sat on the soft bun and the crispy lettuce.
3,3,1,9,3,1,9,3,1,0,14,compbench_complex,190,The fresh sushi rolled the sticky rice and the tender fish.
3,3,0,9,3,0,11,4,0,0,20,compbench_complex,191,The sour grape sat next to the sweet cherry and the juicy plum.
3,3,1,9,3,2,11,3,3,0,20,compbench_complex,192,The orange pyramid was nestled between the pink hemisphere and the yellow cylinder.
3,3,1,9,3,1,11,3,2,0,16,compbench_complex,193,The smooth lotion moisturized the dry skin and the rough calluses.
3,4,1,10,4,1,12,6,2,0,17,compbench_complex,194,The flickering light bulb brightened the dark room and the dim hallway.
4,3,1,10,3,2,11,3,2,0,20,compbench_complex,195,The golden parallelogram was suspended in mid-air near the matte hexagon and the translucent oval.
3,3,1,9,3,2,9,3,2,0,14,compbench_complex,196,The glowing moon rose above the distant hill and the calm sea.
3,3,1,10,3,1,10,3,1,0,15,compbench_complex,197,The soft bed sheets embraced the tired body and the hard mattress.
3,3,1,9,3,2,9,3,5,0,18,compbench_complex,198,The comfortable hammock swayed in the warm breeze and the cool shade.
3,4,1,10,4,1,10,4,1,0,16,compbench_complex,199,The shiny diamond ring adorned the delicate finger and the rough hand.
3,3,1,9,3,2,11,5,2,0,17,compbench_complex,200,The sizzling bacon cooked in the greasy pan and the crispy toast.
3,3,1,9,3,2,11,5,3,0,20,compbench_complex,201,The bumpy sphere was nestled between the spiky star and the fuzzy heart.
3,4,1,10,4,2,11,4,2,0,18,compbench_complex,202,The delicious ice cream melted on the crispy cone and the soft sprinkles.
3,3,1,9,3,2,9,3,3,0,16,compbench_complex,203,The fragrant perfume lingered on the soft skin and the rough fabric.
3,3,1,9,3,2,17,7,3,0,26,compbench_complex,204,The smooth cube was nestled between the spherical sapphire and the angular ruby.
3,3,1,9,3,2,14,6,4,0,24,compbench_complex,205,The triangular prism was leaning against the wooden sphere and the rusted cube.
4,3,2,11,3,3,14,5,3,0,21,compbench_complex,206,The pentagonal pyramid was balanced on the edge of the rough square and the rectangular prism.
3,3,1,9,3,2,9,3,2,0,16,compbench_complex,207,The heavy rain poured down on the smooth roof and the rough gutter.
4,3,0,10,3,0,12,5,0,0,24,compbench_complex,208,The bumpy sphere was suspended in mid-air next to the spiky star and the fuzzy heart.
3,4,1,10,4,2,10,4,2,0,16,compbench_complex,209,The sweet berry jam spread on the crunchy toast and the soft butter.
3,3,1,9,3,2,11,5,4,0,19,compbench_complex,210,The fragrant flowers bloomed on the sturdy stem and the thorny bush.
4,3,2,11,3,3,11,3,3,0,19,compbench_complex,211,The blue cylinder was balanced on the edge of the yellow hexagon and the green diamond.
3,3,1,9,3,2,10,3,3,0,17,compbench_complex,212,The sweet honeycomb dripped on the crunchy toast and the soft cheese.
3,4,1,10,4,2,10,4,4,0,17,compbench_complex,213,The smooth silk gown flowed over the delicate skin and the rough floor.
3,3,1,9,3,2,10,4,3,0,17,compbench_complex,214,The cylindrical tube was nestled between the rectangular box and the conical funnel.
3,3,1,9,3,2,10,4,4,0,18,compbench_complex,215,The shiny trophy gleamed on the polished wood and the dusty shelf.
3,4,1,10,4,2,10,4,2,0,16,compbench_complex,216,The soft cotton candy melted on the warm tongue and the cool hand.
3,4,1,10,4,1,10,4,2,0,15,compbench_complex,217,The sweet apple cider warmed the cold hands and the chilled glass.
3,4,1,10,4,1,10,4,1,0,15,compbench_complex,218,The smooth metal surface reflected the bright sky and the dark clouds.
3,3,1,9,3,2,10,4,3,0,17,compbench_complex,219,The rectangular box was nestled between the cylindrical tube and the conical funnel.
3,3,1,10,3,1,12,5,1,0,17,compbench_complex,220,The flickering fire lit up the cozy room and the dark night sky.
3,3,1,10,3,2,11,3,3,0,17,compbench_complex,221,The soft velvet dress draped on the elegant body and the plain hanger.
3,3,1,9,3,2,9,3,4,0,16,compbench_complex,222,The rough bark scraped against the soft skin and the delicate flower.
3,3,1,9,3,1,11,5,2,0,16,compbench_complex,223,The flickering candle illuminated the cozy room and the dark corner.
3,3,1,9,3,2,13,6,2,0,20,compbench_complex,224,The fluffy snowflakes fell on the icy ground and the slushy pavement.
8,3,4,19,3,6,22,4,5,0,39,compbench_complex,225,"The fiery, blazing sun sank below the horizon, painting the sky with a spectrum of orange and red hues, a stunning display of natural beauty."
7,6,4,18,6,5,19,6,4,0,30,compbench_complex,226,"The soft, gentle touch of the therapist's hands provided healing relief to the injured athlete, a therapeutic massage of body and soul."
6,4,3,15,4,3,17,5,3,0,29,compbench_complex,227,"The sharp, pungent aroma of the freshly brewed coffee woke up the senses, a daily ritual of energy and comfort."
6,7,5,17,7,5,18,7,4,0,26,compbench_complex,228,"The smooth, white marble columns supported the grand entrance of the ancient temple, their intricate carvings telling stories of the past."
5,3,3,12,3,4,17,4,6,0,30,compbench_complex,229,"The vibrant, multicolored feathers of the peacock fanned out in a brilliant display of natural elegance and grandeur."
5,5,3,14,5,4,15,6,4,0,25,compbench_complex,230,"The soft, fluffy texture of the cotton candy melted in the mouth, a sugary treat of childhood nostalgia."
8,3,5,16,3,5,18,5,5,0,31,compbench_complex,231,"The rough, gnarled bark of the ancient tree told a story of growth and survival, a witness to the passage of time."
6,4,3,15,4,4,16,4,6,0,28,compbench_complex,232,"The intricate, delicate web of the spider shimmered in the early morning dew, a natural masterpiece of geometry and design."
6,3,4,14,3,4,15,3,4,0,24,compbench_complex,233,"The gentle, rolling hills of the countryside were a peaceful escape from the hustle and bustle of the city."
5,5,2,13,5,2,17,7,2,0,34,compbench_complex,234,"The smooth, rippled surface of the sand dunes undulated in the desert winds, a shifting landscape of natural wonder and awe."
6,4,4,16,4,4,17,4,4,0,28,compbench_complex,235,"The soft, warm glow of the candlelight cast a romantic ambiance over the room, a cozy retreat from the world."
4,4,2,12,4,2,14,4,3,0,22,compbench_complex,236,"The delicate, intricate lacework of the wedding dress showcased the bride's beauty and elegance."
6,4,3,14,4,4,14,4,6,0,27,compbench_complex,237,"The smooth, polished surface of the marble countertop gleamed in the sunlight, a luxurious material of beauty and sophistication."
6,4,4,15,4,4,16,4,4,0,27,compbench_complex,238,"The soft, warm glow of the candle created a cozy ambiance, a gentle flicker of light in the darkness."
4,4,1,11,4,2,16,7,4,0,36,compbench_complex,239,"The jagged, rocky cliffs loomed above the crashing waves, a treacherous challenge for even the bravest of climbers."
6,3,4,14,3,4,14,3,6,0,26,compbench_complex,240,"The sharp, crisp crack of the bat hitting the ball signaled a home run, a moment of triumph."
7,4,4,16,4,4,18,5,4,0,29,compbench_complex,241,"The smooth, glossy surface of the lake reflected the fiery colors of the sunset, a serene oasis of tranquility and reflection."
4,5,3,14,5,3,14,5,3,0,22,compbench_complex,242,"The cool, refreshing water of the swimming pool was a welcome relief on a hot summer day."
6,3,3,13,3,4,15,4,5,0,26,compbench_complex,243,"The intricate, winding roads of the city snaked through the urban landscape, a maze of possibilities and adventure."
6,4,3,14,4,4,16,5,5,0,28,compbench_complex,244,"The rich, earthy tones of the autumn leaves rustled in the breeze, a seasonal masterpiece of color and texture."
6,3,3,13,3,4,14,4,4,0,25,compbench_complex,245,"The sleek, aerodynamic shape of the fighter jet sliced through the air, a machine of power and precision."
5,3,3,11,3,3,12,4,3,0,21,compbench_complex,246,"The sharp, angular lines of the geometric sculpture were a study in contrast and form."
5,2,3,11,2,3,15,2,4,0,31,compbench_complex,247,"The soft, warm glow of the campfire illuminated the faces of the hikers, as they roasted marshmallows and swapped stories."
5,4,3,15,4,4,16,4,5,0,26,compbench_complex,248,"The gentle, soothing melody of the piano filled the concert hall, as the pianist's fingers danced over the keys."
4,5,2,12,5,4,19,5,5,0,38,compbench_complex,249,"The tall, elegant giraffes gracefully strode across the savannah, their long necks bending down to nibble at the lush vegetation."
5,4,3,12,4,3,16,8,3,0,25,compbench_complex,250,"The glossy, spherical shape of the red apple was a symbol of temptation and healthful eating."
4,2,1,8,2,1,11,5,1,0,30,compbench_complex,251,"The vibrant, glittering lights of the carnival rides spun and twirled in dizzying circles, thrilling and delighting the adventurous."
6,5,4,16,5,4,16,5,5,0,27,compbench_complex,252,"The smooth, glossy finish of the ceramic vase accentuated the vibrant colors of the flowers, a stunning centerpiece of beauty."
5,4,4,14,4,4,16,4,4,0,24,compbench_complex,253,"The intricate, detailed carvings of the stone temple were a testament to the dedication of the ancient craftsmen."
4,5,3,13,5,3,20,6,3,0,27,compbench_complex,254,"The intricate, winding labyrinth of the hedge maze was a challenging puzzle for the curious adventurer."
4,5,3,15,5,3,20,8,3,0,27,compbench_complex,255,"The rugged, weathered texture of the old leather saddle was a testament to the hardworking cowboy's lifestyle."
6,4,5,15,4,7,16,4,7,0,29,compbench_complex,256,"The delicate, intricate web of the spider glistened with dew drops in the early morning light, a marvel of natural engineering."
6,5,4,16,5,5,20,6,5,0,33,compbench_complex,257,"The intricate, winding vines of the ivy climbed up the ancient brick wall, a testament to the enduring beauty of nature."
7,2,3,14,2,3,19,5,3,0,36,compbench_complex,258,"The bold, striking patterns of the tiger's stripes blended seamlessly with the dappled light of the jungle, a creature of stealth and beauty."
6,1,1,9,1,1,12,3,1,0,33,compbench_complex,259,"The vibrant, swirling colors of the tie-dye shirt burst with energy and personality, a unique expression of individuality and creativity."
4,5,2,13,5,3,15,7,4,0,31,compbench_complex,260,"The twisted, gnarled roots of the old oak tree snaked through the rich soil, anchoring it firmly to the earth."
3,3,1,10,3,1,10,3,1,0,22,compbench_complex,261,"The sleek, modern design of the smartphone made it a stylish accessory for the tech-savvy user."
4,5,3,13,5,3,13,5,3,0,22,compbench_complex,262,"The soft, cozy comfort of the wool blanket provided a warm refuge on a chilly night."
6,5,3,14,5,4,17,6,4,0,31,compbench_complex,263,"The smooth, rounded stones of the zen garden lay in perfect harmony with the raked sand, inviting meditation and tranquility."
4,3,2,10,3,3,10,3,4,0,24,compbench_complex,264,"The sleek, streamlined shape of the airplane soared through the sky, a marvel of modern engineering."
3,1,1,5,1,1,7,1,1,0,24,compbench_complex,265,"The bright, glowing embers of the bonfire cast a warm, inviting light, perfect for storytelling."
6,4,4,14,4,5,22,6,6,0,37,compbench_complex,266,"The sharp, angular lines of the skyscrapers jutted up into the sky, a towering testament to human ingenuity and ambition."
3,3,1,9,3,2,12,6,2,0,23,compbench_complex,267,"The warm, gooey cheese melted deliciously over the pizza, a savory delight."
5,3,3,12,3,4,13,4,6,0,25,compbench_complex,268,"The soft, billowing curtains fluttered in the gentle breeze, adding a touch of elegance to the room."
5,7,3,17,7,4,20,10,6,0,32,compbench_complex,269,"The soft, pillowy texture of the fresh bread contrasted with the crisp, crunchy exterior, a delectable treat for the taste buds."
5,5,2,14,5,3,15,6,4,0,27,compbench_complex,270,"The sleek, black sports car sped down the winding country road, leaving a trail of dust in its wake."
4,4,3,11,4,5,12,4,5,0,25,compbench_complex,271,"The fluffy, white clouds floated lazily in the blue sky, like cotton candy in a fairytale."
6,7,4,16,7,5,19,8,5,0,34,compbench_complex,272,"The soft, furry kittens played together in a pile on the warm, cozy blanket, their tiny paws batting at colorful balls of yarn."
6,4,4,15,4,5,16,5,6,0,31,compbench_complex,273,"The smooth, cool marble floors of the museum echoed with the footsteps of the visitors, as they admired the priceless works of art."
3,3,1,8,3,2,9,4,2,0,25,compbench_complex,274,"The plump, red cherries hung low on the branches, ripe and ready for picking by eager hands."
4,6,2,14,6,3,18,8,3,0,29,compbench_complex,275,"The sparkling, crystal chandeliers hung from the ornate ceiling of the grand ballroom, casting a warm, romantic glow."
4,4,2,11,4,2,13,4,4,0,24,compbench_complex,276,"The soft, fluffy snow blanketed the ground, creating a winter wonderland of icy beauty."
4,4,2,13,4,3,19,7,5,0,33,compbench_complex,277,"The silky, flowing fabric of the ballgown swirled around the dancer's feet, as she glided across the ballroom floor."
4,3,1,9,3,2,9,3,4,0,26,compbench_complex,278,"The soft, fluffy clouds drifted lazily across the sky, a natural canvas of endless possibilities and imagination."
7,4,4,15,4,4,17,4,4,0,28,compbench_complex,279,"The bold, dynamic brushstrokes of the painting created a vibrant explosion of color and movement, a masterpiece of artistic expression."
5,3,3,13,3,3,16,4,3,0,29,compbench_complex,280,"The soft, plush cushions of the movie theater seats welcomed the moviegoers, as they settled in for a night of entertainment."
6,4,4,14,4,5,15,4,6,0,28,compbench_complex,281,"The smooth, polished surface of the marble statue gleamed in the sunlight, a symbol of timeless beauty and artistry."
6,6,3,16,6,4,18,7,6,0,32,compbench_complex,282,"The sharp, angular lines of the modern architecture contrasted with the natural landscape, a melding of human innovation and natural beauty."
6,4,3,16,4,3,20,4,6,0,38,compbench_complex,283,"The warm, welcoming glow of the lanterns illuminated the bustling night market, as the vendors hawked their wares and the crowds swarmed."
5,5,3,13,5,4,13,5,6,0,29,compbench_complex,284,"The smooth, curved lines of the sculpture flowed effortlessly from one form to the next, a beautiful expression of artistic vision."
5,4,2,12,4,3,12,4,5,0,26,compbench_complex,285,"The soft, fluffy clouds drifted lazily across the blue sky, a canvas of endless possibilities and imagination."
4,4,2,13,4,3,14,4,3,0,35,compbench_complex,286,"The smooth, cool surface of the ice rink was perfect for the graceful figure skater, as she twirled and glided across the ice."
5,6,3,16,6,3,20,6,5,0,31,compbench_complex,287,"The soft, gentle lullaby of the mother's voice calmed the crying baby, a soothing embrace of maternal love."
5,4,4,13,4,4,18,8,4,0,27,compbench_complex,288,"The soft, plush texture of the teddy bear was a comforting companion for the child at bedtime."
5,3,2,10,3,3,14,5,5,0,38,compbench_complex,289,"The jagged, towering cliffs loomed ominously over the rocky shoreline, their sheer faces weathered by centuries of wind and rain."
6,6,3,17,6,3,20,7,3,0,30,compbench_complex,290,"The bold, dramatic strokes of the painter's brush created a stunning abstract masterpiece, a work of emotional depth and intensity."
6,5,3,15,5,4,17,5,4,0,28,compbench_complex,291,"The bold, vibrant colors of the peonies stood out against the lush green foliage, a floral masterpiece of contrast and texture."
5,2,3,10,2,3,11,2,3,0,20,compbench_complex,292,"The sleek, streamlined silhouette of the greyhound was a picture of grace and speed."
6,4,5,17,4,5,17,4,4,0,26,compbench_complex,293,"The bold, striking contrast of the black and white photograph captured the essence of the moment, a timeless treasure of memory."
3,4,1,11,4,1,12,4,1,0,22,compbench_complex,294,"The smooth, cool surface of the river rocks were perfect for skipping across the water's surface."
3,3,1,9,3,2,11,4,4,0,29,compbench_complex,295,"The jagged, rocky cliffs jutted out from the sea, battered by the crashing waves below."
5,3,3,14,3,5,16,4,8,0,30,compbench_complex,296,"The sparkling, crystal-clear waters of the lake beckoned to the swimmers, the cool waves lapping at the shore."
7,6,4,18,6,6,21,6,5,0,36,compbench_complex,297,"The sharp, steel blades of the chef's knives sliced through the fresh, juicy vegetables with ease, creating a colorful medley of flavors and textures."
4,5,2,12,5,3,13,6,3,0,22,compbench_complex,298,"The cool, refreshing breeze blew through the open window, carrying the sweet scent of blooming flowers."
5,3,3,11,3,5,16,3,6,0,31,compbench_complex,299,"The towering, majestic elephants strode through the savanna, their powerful trunks reaching for the leaves of the trees."
